Data recebimento;Código;Descrição;Quantidade Caixa;Unidades caixa;Total unidades;Validade;Fornecedor;Classificação;Devolução
24/09/2026;770487;Item 1;15;6;90;17/07/2028;Fornecedor Alfa;Medicamento;0
03/09/2026;872246;Item 2;14;100;1400;24/04/2030;Fornecedor Delta;Perfumaria;0
17/09/2026;198246;Item 3;28;25;700;17/05/2030;Fornecedor Ômega;Psicotrópico;
14/09/2026;850800;Item 4;84;100;8400;27/03/2028;Fornecedor Delta;Psicotrópico;Avaria
25/09/2026;948749;Item 5;112;6;;09/07/2031;Fornecedor Alfa;Alimentos;Avaria
07/09/2026;456778;Item 6;36;24;864;13/04/2031;Fornecedor Beta;Perfumaria;0
28/09/2026;498382;Item 7;13;48;624;05/12/2028;Fornecedor Gama;Correlatos;0
04/09/2026;865179;Item 8;59;100;5900;14/02/2029;Fornecedor Ômega;Psicotrópico;Avaria
29/09/2026;969693;Item 9;81;120;9720;31/10/2031;Fornecedor Beta;Psicotrópico;0
22/09/2026;838797;Item 10;9;6;54;11/04/2028;Fornecedor Beta;Perfumaria;
15/09/2026;205907;Item 11;49;30;1470;25/07/2030;Fornecedor Beta;Medicamento;Avaria
23/09/2026;472528;Item 12;27;30;810;31/10/2030;Fornecedor Ômega;Psicotrópico;Devolução parcial
06/09/2026;279451;Item 13;69;25;1725;04/08/2029;Fornecedor Delta;Correlatos;Devolução parcial
22/09/2026;821590;Item 14;72;25;1800;26/10/2028;Fornecedor Ômega;Medicamento;0
09/09/2026;944151;Item 15;41;50;2050;16/05/2027;Fornecedor Alfa;Psicotrópico;Devolução parcial
13/09/2026;429963;Item 16;28;60;1680;17/12/2031;Fornecedor Delta;Medicamento;Avaria
18/09/2026;246413;Item 17;32;100;3200;22/06/2028;Fornecedor Gama;Antibiótico;Devolução parcial
05/09/2026;518801;Item 18;47;25;1175;09/11/2029;Fornecedor Delta;Perfumaria;0
26/09/2026;214975;Item 19;20;24;;25/10/2030;Fornecedor Delta;Psicotrópico;0
15/09/2026;503457;Item 20;   ;120;;19/12/2029;Fornecedor Beta;Psicotrópico;0
22/09/2026;813328;Item 21;93;12;1116;18/12/2031;Fornecedor Gama;Correlatos;Devolução parcial
14/09/2026;456699;Item 22;15;30;450;20/11/2027;Fornecedor Delta;Perfumaria;Devolução parcial
25/09/2026;854639;Item 23;34;100;3400;01/01/2028;;Perfumaria;Devolução parcial
20/09/2026;412942;Item 24;108;100;10800;12/02/2028;Fornecedor Alfa;Correlatos;0
30/09/2026;665579;Item 25;   ;100;;02/01/2027;;Correlatos;Avaria
29/09/2026;120422;Item 26;15;48;720;31/08/2031;Fornecedor Beta;Medicamento;0
03/09/2026;352572;Item 27;113;120;13560;25/06/2027;Fornecedor Delta;Perfumaria;
22/09/2026;903035;Item 28;17;24;408;31/08/2029;Fornecedor Gama;Medicamento;Avaria
14/09/2026;653306;Item 29;112;120;13440;09/03/2028;Fornecedor Gama;Alimentos;Devolução parcial
13/09/2026;310922;Item 30;92;30;2760;07/10/2030;Fornecedor Beta;Antibiótico;Devolução parcial
08/09/2026;573417;Item 31;16;25;400;12/05/2027;Fornecedor Beta;Perfumaria;Devolução parcial
08/09/2026;680828;Item 32;30;120;3600;15/01/2027;Fornecedor Ômega;Alimentos;Devolução parcial
29/09/2026;161733;Item 33;30;12;360;06/03/2027;Fornecedor Beta;Perfumaria;Devolução parcial
07/09/2026;349565;Item 34;36;60;2160;09/01/2030;Fornecedor Alfa;Alimentos;Devolução parcial
26/09/2026;704201;Item 35;61;25;1525;26/08/2029;Fornecedor Delta;Medicamento;0
12/09/2026;201639;Item 36;85;50;4250;17/05/2029;Fornecedor Delta;Antibiótico;Devolução parcial
02/09/2026;156802;Item 37;87;12;1044;04/04/2029;Fornecedor Beta;Perfumaria;0
15/09/2026;300896;Item 38;25;100;2500;15/10/2027;;Medicamento;Avaria
15/09/2026;585100;Item 39;32;12;384;13/07/2031;Fornecedor Gama;Perfumaria;0
03/09/2026;783823;Item 40;70;6;420;24/03/2031;Fornecedor Alfa;Medicamento;Avaria
28/09/2026;609231;Item 41;62;25;1550;01/04/2029;Fornecedor Ômega;Medicamento;Avaria
30/09/2026;102260;Item 42;50;30;1500;25/05/2031;Fornecedor Delta;Correlatos;Avaria
22/09/2026;830429;Item 43;94;100;9400;11/01/2031;Fornecedor Delta;Medicamento;
19/09/2026;411120;Item 44;28;6;168;15/02/2031;Fornecedor Gama;Perfumaria;Devolução parcial
;428838;Item 45;8;6;;03/09/2029;Fornecedor Gama;Psicotrópico;0
28/09/2026;159642;Item 46;66;12;792;16/01/2028;Fornecedor Ômega;Psicotrópico;0
13/09/2026;808011;Item 47;111;25;2775;03/09/2027;Fornecedor Gama;Medicamento;Devolução parcial
03/09/2026;723398;Item 48;6;120;720;08/05/2029;Fornecedor Gama;Psicotrópico;Devolução parcial
07/09/2026;431737;Item 49;120;30;3600;03/10/2030;Fornecedor Beta;Medicamento;Avaria
15/09/2026;515011;Item 50;17;30;510;09/10/2028;Fornecedor Ômega;Perfumaria;Avaria
03/09/2026;751332;Item 51;73;12;876;06/01/2030;Fornecedor Alfa;Psicotrópico;Avaria
;238890;Item 52;120;48;5760;21/05/2027;Fornecedor Alfa;Correlatos;Avaria
23/09/2026;265409;Item 53;57;100;5700;11/09/2028;Fornecedor Gama;Alimentos;Devolução parcial
10/09/2026;108203;Item 54;86;100;8600;20/09/2030;Fornecedor Ômega;Medicamento;Avaria
24/09/2026;221035;Item 55;114;12;1368;07/02/2030;Fornecedor Alfa;Correlatos;Avaria
07/09/2026;734210;Item 56;27;48;1296;08/11/2030;Fornecedor Beta;Psicotrópico;Avaria
03/09/2026;363319;Item 57;116;6;696;23/07/2030;Fornecedor Delta;Correlatos;0
21/09/2026;103717;Item 58;43;24;1032;20/06/2028;Fornecedor Alfa;Alimentos;Avaria
18/09/2026;678478;Item 59;91;50;4550;20/01/2027;Fornecedor Ômega;Perfumaria;Devolução parcial
27/09/2026;256294;Item 60;70;6;420;26/01/2029;Fornecedor Gama;Psicotrópico;0
10/09/2026;550664;Item 61;17;6;102;16/01/2029;Fornecedor Ômega;Correlatos;0
12/09/2026;815198;Item 62;32;12;384;17/05/2031;Fornecedor Gama;Antibiótico;Devolução parcial
28/09/2026;885884;Item 63;20;25;500;29/11/2027;Fornecedor Alfa;Antibiótico;0
26/09/2026;288073;Item 64;95;48;4560;23/04/2029;Fornecedor Alfa;Correlatos;0
13/09/2026;925622;Item 65;90;12;1080;22/11/2031;Fornecedor Ômega;   ;0
12/09/2026;309267;Item 66;105;60;6300;17/09/2028;Fornecedor Alfa;Medicamento;0
11/09/2026;792094;Item 67;25;50;1250;24/07/2028;Fornecedor Ômega;Correlatos;Avaria
22/09/2026;772642;Item 68;66;50;3300;24/09/2031;Fornecedor Gama;Correlatos;0
06/09/2026;220944;Item 69;113;30;3390;04/04/2030;Fornecedor Beta;Perfumaria;0
24/09/2026;;Item 70;56;48;2688;30/05/2031;Fornecedor Beta;Antibiótico;Devolução parcial
29/09/2026;636265;Item 71;15;50;750;26/03/2030;Fornecedor Alfa;Correlatos;0
17/09/2026;843215;Item 72;56;6;336;10/07/2031;Fornecedor Gama;Alimentos;Devolução parcial
12/09/2026;877991;Item 73;95;25;2375;02/06/2029;Fornecedor Ômega;   ;Avaria
24/09/2026;753425;Item 74;41;12;492;07/09/2028;Fornecedor Gama;Correlatos;Devolução parcial
23/09/2026;528231;Item 75;42;50;2100;28/08/2028;Fornecedor Gama;Medicamento;0
22/09/2026;540869;Item 76;86;50;4300;13/03/2031;Fornecedor Alfa;Psicotrópico;Devolução parcial
27/09/2026;415568;Item 77;52;100;5200;01/01/2027;Fornecedor Beta;Correlatos;0
20/09/2026;550770;Item 78;101;120;12120;02/09/2030;Fornecedor Beta;Antibiótico;Avaria
17/09/2026;563638;Item 79;87;25;2175;27/08/2029;Fornecedor Alfa;Alimentos;0
11/09/2026;397571;Item 80;66;120;7920;11/07/2027;Fornecedor Alfa;Alimentos;Avaria
05/09/2026;335552;Item 81;104;25;2600;20/02/2027;Fornecedor Ômega;Medicamento;Avaria
15/09/2026;740967;Item 82;109;12;1308;28/04/2029;Fornecedor Gama;Medicamento;Devolução parcial
13/09/2026;830180;Item 83;50;60;3000;14/05/2028;Fornecedor Alfa;Alimentos;Devolução parcial
25/09/2026;105814;Item 84;115;12;1380;20/05/2029;Fornecedor Alfa;Medicamento;Devolução parcial
18/09/2026;643118;Item 85;60;6;360;25/05/2028;Fornecedor Ômega;Antibiótico;0
18/09/2026;940346;Item 86;60;100;6000;04/05/2030;Fornecedor Beta;Antibiótico;Devolução parcial
14/09/2026;954596;Item 87;93;100;9300;29/08/2031;Fornecedor Gama;Antibiótico;0
15/09/2026;879779;Item 88;111;60;6660;14/06/2028;Fornecedor Alfa;Alimentos;
16/09/2026;903013;Item 89;100;100;10000;07/07/2030;;Correlatos;Avaria
08/09/2026;181247;Item 90;92;30;2760;10/07/2028;Fornecedor Beta;Correlatos;Devolução parcial
08/09/2026;184491;Item 91;18;24;432;23/02/2029;Fornecedor Alfa;Alimentos;0
11/09/2026;167348;Item 92;54;   ;;16/01/2030;Fornecedor Delta;Antibiótico;0
13/09/2026;316881;Item 93;107;50;5350;26/04/2031;Fornecedor Gama;Alimentos;0
13/09/2026;998348;Item 94;113;120;13560;03/09/2029;Fornecedor Ômega;Correlatos;Avaria
18/09/2026;890075;Item 95;50;50;2500;11/03/2031;Fornecedor Gama;Psicotrópico;0
14/09/2026;611945;Item 96;29;30;870;21/09/2029;Fornecedor Ômega;Antibiótico;Avaria
24/09/2026;801364;Item 97;87;50;4350;05/12/2027;Fornecedor Delta;Medicamento;Devolução parcial
;660069;Item 98;4;50;200;01/03/2030;Fornecedor Ômega;Perfumaria;Devolução parcial
06/09/2026;549433;Item 99;18;60;1080;13/04/2027;Fornecedor Beta;Antibiótico;Avaria
11/09/2026;321941;Item 100;59;48;2832;08/04/2031;Fornecedor Delta;Correlatos;Avaria
16/09/2026;364525;Item 101;107;12;1284;09/02/2027;Fornecedor Gama;Perfumaria;Avaria
25/09/2026;335113;Item 102;84;12;1008;27/08/2030;Fornecedor Ômega;Perfumaria;0
20/09/2026;309044;Item 103;108;6;648;09/11/2027;Fornecedor Alfa;Medicamento;Avaria
07/09/2026;801978;Item 104;15;120;1800;10/08/2029;;Correlatos;0
25/09/2026;735324;Item 105;78;12;936;05/08/2031;Fornecedor Alfa;Correlatos;0
19/09/2026;706794;Item 106;4;30;120;19/10/2030;Fornecedor Delta;Antibiótico;Devolução parcial
23/09/2026;307963;Item 107;10;120;1200;29/08/2031;Fornecedor Alfa;Perfumaria;Devolução parcial
26/09/2026;910004;Item 108;39;120;4680;05/09/2027;Fornecedor Gama;Perfumaria;Avaria
03/09/2026;658623;Item 109;55;48;2640;02/11/2029;Fornecedor Beta;Perfumaria;Avaria
14/09/2026;962276;Item 110;63;12;756;11/01/2029;Fornecedor Delta;Alimentos;0
21/09/2026;556641;Item 111;   ;100;;07/07/2028;Fornecedor Gama;Psicotrópico;Avaria
09/09/2026;587455;Item 112;56;   ;;22/10/2028;Fornecedor Alfa;Perfumaria;Avaria
19/09/2026;572700;Item 113;32;60;1920;03/06/2030;Fornecedor Delta;Correlatos;
06/09/2026;618317;Item 114;109;48;5232;25/09/2029;Fornecedor Alfa;Correlatos;Avaria
23/09/2026;456871;Item 115;36;120;4320;08/12/2031;Fornecedor Beta;Psicotrópico;0
08/09/2026;641722;Item 116;25;12;300;14/01/2031;Fornecedor Delta;Antibiótico;Devolução parcial
21/09/2026;894993;Item 117;31;60;1860;28/12/2030;Fornecedor Delta;Antibiótico;0
13/09/2026;197573;Item 118;38;25;950;17/11/2030;Fornecedor Alfa;Correlatos;Devolução parcial
18/09/2026;709805;Item 119;48;60;2880;23/12/2029;Fornecedor Beta;Antibiótico;Devolução parcial
23/09/2026;677124;Item 120;   ;48;;18/07/2029;Fornecedor Beta;Correlatos;Avaria
11/09/2026;341736;Item 121;16;25;;02/09/2027;Fornecedor Gama;Alimentos;0
09/09/2026;300845;Item 122;28;60;1680;23/01/2031;Fornecedor Gama;Psicotrópico;Devolução parcial
10/09/2026;396745;Item 123;13;25;325;10/04/2028;Fornecedor Beta;Medicamento;Avaria
05/09/2026;114835;Item 124;91;100;9100;15/07/2028;Fornecedor Ômega;Perfumaria;Devolução parcial
21/09/2026;406327;Item 125;90;24;2160;14/11/2031;Fornecedor Delta;Perfumaria;0
16/09/2026;701949;Item 126;37;60;2220;21/06/2029;Fornecedor Beta;Medicamento;0
04/09/2026;364742;Item 127;111;60;6660;11/08/2031;Fornecedor Ômega;Antibiótico;Avaria
05/09/2026;177680;Item 128;74;6;444;02/11/2027;Fornecedor Gama;Correlatos;0
25/09/2026;360247;Item 129;16;100;1600;02/05/2029;Fornecedor Gama;Psicotrópico;Devolução parcial
13/09/2026;336650;Item 130;100;100;10000;11/07/2029;Fornecedor Delta;Correlatos;Devolução parcial
20/09/2026;549660;Item 131;40;120;4800;04/05/2027;Fornecedor Gama;Alimentos;0
09/09/2026;899787;Item 132;27;25;675;14/09/2030;Fornecedor Ômega;Medicamento;0
06/09/2026;282256;Item 133;71;12;852;06/01/2027;Fornecedor Delta;Antibiótico;Devolução parcial
02/09/2026;722656;Item 134;61;30;1830;19/04/2028;Fornecedor Beta;Alimentos;
03/09/2026;837135;Item 135;111;60;6660;08/11/2030;Fornecedor Alfa;Correlatos;Devolução parcial
14/09/2026;718439;Item 136;85;25;2125;24/08/2027;Fornecedor Gama;Medicamento;Devolução parcial
27/09/2026;256226;Item 137;   ;30;;19/10/2027;Fornecedor Ômega;Perfumaria;0
24/09/2026;931131;Item 138;40;120;4800;16/08/2031;Fornecedor Gama;Correlatos;Avaria
23/09/2026;230394;Item 139;60;30;1800;04/04/2029;Fornecedor Beta;Psicotrópico;Devolução parcial
20/09/2026;617781;Item 140;57;12;684;23/03/2027;Fornecedor Delta;Alimentos;Avaria
03/09/2026;733039;Item 141;33;6;198;13/04/2028;Fornecedor Gama;Psicotrópico;0
19/09/2026;901909;Item 142;87;30;2610;24/03/2027;Fornecedor Alfa;Antibiótico;Devolução parcial
06/09/2026;783157;Item 143;57;30;1710;13/04/2030;Fornecedor Delta;Alimentos;Avaria
14/09/2026;195674;Item 144;61;48;2928;13/11/2028;Fornecedor Beta;Alimentos;0
14/09/2026;999398;Item 145;21;   ;;21/11/2030;Fornecedor Delta;Correlatos;Devolução parcial
02/09/2026;519904;Item 146;105;100;10500;20/07/2029;;Correlatos;Avaria
28/09/2026;438977;Item 147;15;50;750;19/11/2029;Fornecedor Ômega;Alimentos;Devolução parcial
07/09/2026;584417;Item 148;53;6;318;27/11/2029;Fornecedor Beta;Psicotrópico;Avaria
07/09/2026;755788;Item 149;57;6;342;30/06/2028;Fornecedor Gama;Medicamento;Avaria
04/09/2026;559398;Item 150;113;60;6780;01/03/2027;Fornecedor Gama;Medicamento;Devolução parcial
01/09/2026;266071;Item 151;40;100;4000;05/02/2030;Fornecedor Delta;Perfumaria;0
15/09/2026;982277;Item 152;117;12;1404;29/08/2027;Fornecedor Alfa;Antibiótico;
14/09/2026;406039;Item 153;66;30;1980;06/09/2031;Fornecedor Delta;Antibiótico;0
13/09/2026;578975;Item 154;71;24;1704;26/01/2028;Fornecedor Gama;Psicotrópico;Devolução parcial
09/09/2026;243139;Item 155;111;12;1332;02/05/2031;Fornecedor Delta;   ;Devolução parcial
10/09/2026;380150;Item 156;106;6;636;26/01/2031;Fornecedor Beta;Psicotrópico;Devolução parcial
15/09/2026;791998;Item 157;63;24;1512;08/01/2030;Fornecedor Delta;Correlatos;Avaria
13/09/2026;678727;Item 158;98;100;9800;21/07/2029;Fornecedor Beta;Medicamento;Devolução parcial
08/09/2026;350405;Item 159;74;50;3700;20/10/2031;;Perfumaria;Avaria
13/09/2026;880879;Item 160;61;50;3050;21/09/2030;Fornecedor Alfa;Antibiótico;0
11/09/2026;232378;Item 161;65;120;7800;17/11/2031;Fornecedor Ômega;Antibiótico;0
01/09/2026;651499;Item 162;   ;60;;19/01/2031;Fornecedor Alfa;Antibiótico;Devolução parcial
26/09/2026;261859;Item 163;10;60;600;26/06/2028;Fornecedor Beta;Psicotrópico;Devolução parcial
28/09/2026;516791;Item 164;84;12;1008;03/11/2028;Fornecedor Gama;Antibiótico;Avaria
28/09/2026;757246;Item 165;92;60;5520;13/01/2030;Fornecedor Ômega;Psicotrópico;0
08/09/2026;346174;Item 166;81;30;2430;10/03/2031;Fornecedor Ômega;Antibiótico;0
15/09/2026;897305;Item 167;82;12;984;07/12/2027;Fornecedor Beta;Perfumaria;0
10/09/2026;440131;Item 168;102;6;612;04/01/2029;Fornecedor Beta;Antibiótico;0
19/09/2026;356059;Item 169;68;50;3400;28/10/2030;Fornecedor Alfa;Medicamento;0
20/09/2026;182804;Item 170;79;50;3950;31/10/2030;Fornecedor Alfa;Antibiótico;Devolução parcial
21/09/2026;250069;Item 171;30;60;1800;04/06/2028;Fornecedor Delta;Correlatos;Devolução parcial
29/09/2026;109853;Item 172;116;60;6960;12/08/2028;Fornecedor Gama;Medicamento;0
10/09/2026;563187;Item 173;45;120;5400;01/08/2030;Fornecedor Delta;Alimentos;Avaria
07/09/2026;579027;Item 174;109;30;3270;26/02/2029;Fornecedor Delta;Perfumaria;0
19/09/2026;499889;Item 175;74;48;3552;28/08/2028;Fornecedor Beta;Perfumaria;Devolução parcial
19/09/2026;515032;Item 176;   ;6;;07/11/2031;Fornecedor Ômega;Psicotrópico;Devolução parcial
25/09/2026;620856;Item 177;107;30;3210;25/06/2031;Fornecedor Alfa;Psicotrópico;Avaria
20/09/2026;329642;Item 178;82;25;2050;28/05/2028;Fornecedor Alfa;Alimentos;0
10/09/2026;757937;Item 179;   ;6;;04/06/2031;Fornecedor Delta;Perfumaria;Devolução parcial
03/09/2026;482584;Item 180;94;24;2256;27/08/2028;Fornecedor Beta;Alimentos;Avaria
26/09/2026;284171;Item 181;26;24;;09/01/2030;Fornecedor Beta;Psicotrópico;Devolução parcial
09/09/2026;385765;Item 182;107;24;2568;16/08/2031;Fornecedor Delta;Correlatos;Devolução parcial
15/09/2026;455168;Item 183;103;12;1236;04/06/2027;Fornecedor Alfa;Medicamento;Devolução parcial
28/09/2026;859396;Item 184;87;50;4350;06/07/2031;Fornecedor Gama;Correlatos;0
09/09/2026;929090;Item 185;51;6;306;03/01/2030;Fornecedor Ômega;Antibiótico;Avaria
19/09/2026;805511;Item 186;96;30;2880;19/02/2029;Fornecedor Beta;Perfumaria;Devolução parcial
20/09/2026;345180;Item 187;61;6;366;16/12/2031;Fornecedor Gama;Correlatos;Devolução parcial
21/09/2026;332120;Item 188;83;12;996;15/08/2031;Fornecedor Delta;Alimentos;Avaria
05/09/2026;780776;Item 189;53;12;;03/04/2027;Fornecedor Ômega;Correlatos;Avaria
29/09/2026;221761;Item 190;13;25;325;05/01/2030;Fornecedor Alfa;Antibiótico;Avaria
14/09/2026;489033;Item 191;86;100;8600;17/04/2030;Fornecedor Alfa;Antibiótico;Devolução parcial
20/09/2026;203831;Item 192;107;60;6420;15/04/2029;Fornecedor Beta;Perfumaria;Devolução parcial
15/09/2026;488528;Item 193;28;60;1680;28/04/2028;Fornecedor Beta;Perfumaria;Devolução parcial
02/09/2026;485178;Item 194;70;48;3360;26/03/2029;Fornecedor Beta;Medicamento;0
03/09/2026;989227;Item 195;106;60;6360;19/09/2030;Fornecedor Alfa;Alimentos;Devolução parcial
26/09/2026;726152;Item 196;3;6;18;14/11/2028;Fornecedor Alfa;Medicamento;Devolução parcial
07/09/2026;315173;Item 197;9;100;900;15/04/2030;Fornecedor Alfa;Medicamento;Avaria
01/09/2026;911984;Item 198;19;120;2280;21/07/2028;Fornecedor Alfa;Medicamento;Devolução parcial
04/09/2026;362829;Item 199;103;24;2472;15/09/2030;Fornecedor Ômega;Medicamento;0
19/09/2026;475644;Item 200;102;25;2550;25/10/2028;Fornecedor Ômega;Medicamento;Avaria
17/09/2026;154944;Item 201;17;50;850;21/08/2027;Fornecedor Ômega;Antibiótico;Avaria
19/09/2026;915809;Item 202;47;100;4700;12/08/2027;Fornecedor Delta;Psicotrópico;0
10/09/2026;744986;Item 203;6;100;;27/07/2029;Fornecedor Ômega;Perfumaria;Avaria
22/09/2026;988456;Item 204;52;50;2600;10/08/2027;Fornecedor Delta;Alimentos;Avaria
11/09/2026;177060;Item 205;116;12;1392;30/05/2030;Fornecedor Alfa;Perfumaria;0
18/09/2026;388375;Item 206;   ;120;;29/12/2030;Fornecedor Beta;Antibiótico;Devolução parcial
17/09/2026;656329;Item 207;38;60;2280;24/05/2030;Fornecedor Delta;Perfumaria;Devolução parcial
24/09/2026;219971;Item 208;110;100;11000;08/11/2031;Fornecedor Alfa;Antibiótico;Avaria
27/09/2026;339592;Item 209;53;48;2544;17/07/2029;Fornecedor Delta;Antibiótico;Devolução parcial
11/09/2026;199704;Item 210;41;50;2050;24/09/2030;Fornecedor Beta;Correlatos;0
03/09/2026;820184;Item 211;119;60;7140;06/07/2027;Fornecedor Ômega;Perfumaria;Avaria
26/09/2026;201255;Item 212;96;48;4608;24/09/2027;Fornecedor Gama;Perfumaria;Devolução parcial
22/09/2026;688866;Item 213;72;48;3456;08/09/2027;Fornecedor Delta;Correlatos;Devolução parcial
10/09/2026;886730;Item 214;55;6;330;14/05/2030;Fornecedor Beta;Correlatos;0
05/09/2026;705991;Item 215;65;25;1625;06/09/2030;Fornecedor Delta;Medicamento;0
12/09/2026;467121;Item 216;109;100;10900;;Fornecedor Beta;Psicotrópico;0
25/09/2026;946432;Item 217;55;100;5500;04/08/2031;Fornecedor Gama;Psicotrópico;Devolução parcial
20/09/2026;773918;Item 218;72;6;432;09/09/2030;Fornecedor Beta;Perfumaria;0
30/09/2026;386544;Item 219;90;30;2700;26/11/2028;Fornecedor Beta;Perfumaria;0
03/09/2026;250210;Item 220;73;50;3650;18/10/2027;Fornecedor Ômega;Perfumaria;Devolução parcial
14/09/2026;656251;Item 221;28;50;1400;18/07/2029;Fornecedor Beta;Medicamento;Avaria
25/09/2026;426775;Item 222;93;48;4464;08/03/2030;Fornecedor Gama;Perfumaria;0
02/09/2026;263137;Item 223;21;120;2520;12/10/2030;Fornecedor Ômega;Correlatos;Avaria
20/09/2026;794093;Item 224;55;60;3300;24/06/2029;Fornecedor Delta;Correlatos;0
12/09/2026;891615;Item 225;66;12;792;30/05/2029;Fornecedor Ômega;Correlatos;Devolução parcial
17/09/2026;811444;Item 226;76;60;4560;28/09/2030;Fornecedor Beta;Perfumaria;0
01/09/2026;514463;Item 227;77;6;462;23/02/2028;Fornecedor Beta;Medicamento;0
11/09/2026;901280;Item 228;33;30;990;03/09/2027;Fornecedor Ômega;Antibiótico;Devolução parcial
13/09/2026;551574;Item 229;23;24;552;26/12/2029;Fornecedor Alfa;Psicotrópico;Devolução parcial
03/09/2026;973835;Item 230;86;48;4128;24/03/2029;Fornecedor Ômega;Antibiótico;0
28/09/2026;582087;Item 231;118;12;1416;03/10/2028;;Antibiótico;Devolução parcial
10/09/2026;524068;Item 232;91;50;4550;24/08/2027;Fornecedor Delta;Perfumaria;Avaria
15/09/2026;280222;Item 233;103;120;12360;31/08/2031;Fornecedor Beta;Perfumaria;Avaria
;985506;Item 234;14;25;350;21/04/2030;Fornecedor Delta;Psicotrópico;0
24/09/2026;514991;Item 235;112;30;3360;26/11/2028;Fornecedor Alfa;Correlatos;0
17/09/2026;180089;Item 236;66;12;792;10/11/2029;Fornecedor Alfa;Correlatos;Avaria
08/09/2026;862712;Item 237;105;24;2520;30/07/2027;Fornecedor Alfa;Correlatos;0
25/09/2026;281926;Item 238;78;24;1872;04/04/2031;Fornecedor Ômega;Medicamento;Devolução parcial
25/09/2026;618119;Item 239;60;120;7200;01/04/2030;Fornecedor Delta;Alimentos;Devolução parcial
11/09/2026;774225;Item 240;82;120;9840;05/11/2031;Fornecedor Beta;Medicamento;Avaria
21/09/2026;171603;Item 241;61;60;3660;12/09/2028;Fornecedor Beta;Psicotrópico;0
10/09/2026;469038;Item 242;65;12;780;03/08/2029;Fornecedor Delta;Perfumaria;0
03/09/2026;486649;Item 243;107;30;3210;13/08/2030;Fornecedor Ômega;Psicotrópico;Devolução parcial
19/09/2026;631699;Item 244;50;60;3000;09/02/2030;Fornecedor Ômega;Antibiótico;Devolução parcial
20/09/2026;783501;Item 245;25;48;1200;01/09/2029;Fornecedor Gama;Medicamento;0
23/09/2026;572407;Item 246;14;   ;;22/06/2027;Fornecedor Gama;Alimentos;0
15/09/2026;141043;Item 247;32;60;1920;09/12/2029;Fornecedor Gama;Psicotrópico;0
13/09/2026;481574;Item 248;48;30;1440;17/04/2029;Fornecedor Beta;Alimentos;Devolução parcial
03/09/2026;154909;Item 249;102;48;4896;06/11/2028;Fornecedor Ômega;Psicotrópico;Devolução parcial
24/09/2026;505341;Item 250;37;30;1110;11/10/2031;Fornecedor Gama;Medicamento;Avaria
30/09/2026;185461;Item 251;75;24;1800;17/12/2028;Fornecedor Beta;Alimentos;Devolução parcial
20/09/2026;794299;Item 252;51;24;1224;22/12/2030;Fornecedor Ômega;Correlatos;Devolução parcial
27/09/2026;494976;Item 253;83;   ;;19/09/2027;Fornecedor Gama;Perfumaria;Devolução parcial
12/09/2026;803024;Item 254;55;100;5500;07/02/2027;Fornecedor Beta;Correlatos;0
07/09/2026;324597;Item 255;44;60;2640;08/04/2028;Fornecedor Alfa;Medicamento;0
17/09/2026;410160;Item 256;109;12;1308;28/04/2031;Fornecedor Gama;Alimentos;Devolução parcial
29/09/2026;139581;Item 257;85;48;4080;19/04/2031;Fornecedor Gama;Medicamento;Devolução parcial
06/09/2026;495019;Item 258;20;24;480;30/08/2031;Fornecedor Gama;Medicamento;Devolução parcial
12/09/2026;558933;Item 259;6;50;300;17/10/2030;Fornecedor Alfa;Antibiótico;Devolução parcial
08/09/2026;398768;Item 260;97;60;5820;29/12/2029;Fornecedor Alfa;Correlatos;Avaria
22/09/2026;975679;Item 261;25;48;1200;14/03/2030;Fornecedor Delta;Antibiótico;Avaria
17/09/2026;915922;Item 262;49;100;4900;07/05/2029;Fornecedor Alfa;Medicamento;Devolução parcial
02/09/2026;245121;Item 263;112;30;3360;06/08/2030;Fornecedor Delta;Correlatos;Devolução parcial
28/09/2026;207573;Item 264;92;100;9200;13/09/2027;Fornecedor Beta;Perfumaria;0
05/09/2026;386042;Item 265;58;100;5800;29/08/2031;;Perfumaria;0
30/09/2026;956375;Item 266;58;48;2784;24/02/2027;Fornecedor Delta;Perfumaria;Avaria
13/09/2026;626392;Item 267;48;25;1200;17/06/2027;Fornecedor Beta;Medicamento;0
27/09/2026;434165;Item 268;120;12;1440;03/01/2031;;Medicamento;0
23/09/2026;140163;Item 269;37;60;2220;30/08/2031;Fornecedor Alfa;Alimentos;Avaria
29/09/2026;570392;Item 270;79;6;474;12/06/2027;Fornecedor Ômega;Correlatos;0
24/09/2026;975522;Item 271;20;100;2000;;Fornecedor Gama;Antibiótico;0
10/09/2026;913875;Item 272;37;25;925;07/09/2027;Fornecedor Ômega;Medicamento;Avaria
15/09/2026;769989;Item 273;102;120;12240;09/05/2027;Fornecedor Ômega;Antibiótico;Devolução parcial
19/09/2026;662093;Item 274;3;100;300;10/05/2028;Fornecedor Alfa;Correlatos;Avaria
08/09/2026;101640;Item 275;79;48;;14/03/2030;Fornecedor Delta;Medicamento;Devolução parcial
12/09/2026;800674;Item 276;11;100;1100;19/05/2027;Fornecedor Gama;Psicotrópico;Devolução parcial
01/09/2026;924613;Item 277;65;100;6500;10/03/2029;Fornecedor Delta;Perfumaria;Devolução parcial
24/09/2026;505674;Item 278;48;30;1440;03/02/2027;Fornecedor Beta;Perfumaria;Avaria
25/09/2026;352838;Item 279;94;12;1128;06/04/2030;Fornecedor Beta;Medicamento;0
27/09/2026;469412;Item 280;70;48;3360;09/08/2030;Fornecedor Alfa;Alimentos;Avaria
26/09/2026;829168;Item 281;62;24;1488;04/10/2027;Fornecedor Ômega;Alimentos;Avaria
02/09/2026;138780;Item 282;38;25;950;09/06/2031;Fornecedor Alfa;Perfumaria;Avaria
27/09/2026;425138;Item 283;66;50;3300;17/01/2030;Fornecedor Delta;Correlatos;0
10/09/2026;889882;Item 284;83;25;;;Fornecedor Ômega;Alimentos;Avaria
14/09/2026;386488;Item 285;16;48;768;27/12/2031;Fornecedor Delta;Alimentos;Avaria
16/09/2026;505426;Item 286;44;24;1056;18/11/2030;Fornecedor Delta;Correlatos;Devolução parcial
24/09/2026;379676;Item 287;103;12;1236;19/05/2029;Fornecedor Ômega;Antibiótico;Devolução parcial
10/09/2026;962287;Item 288;24;100;2400;19/10/2028;Fornecedor Ômega;Perfumaria;Avaria
15/09/2026;793024;Item 289;38;30;1140;19/05/2030;Fornecedor Delta;Medicamento;Devolução parcial
02/09/2026;565471;Item 290;45;60;2700;28/01/2031;Fornecedor Beta;Psicotrópico;
03/09/2026;387892;Item 291;82;6;492;06/10/2030;Fornecedor Delta;Correlatos;Devolução parcial
01/09/2026;940010;Item 292;96;24;2304;20/10/2027;Fornecedor Gama;Alimentos;Avaria
08/09/2026;136489;Item 293;17;12;;14/05/2031;Fornecedor Beta;Correlatos;Avaria
05/09/2026;694799;Item 294;5;120;600;22/10/2030;Fornecedor Delta;Correlatos;Avaria
19/09/2026;565504;Item 295;98;12;1176;09/10/2027;Fornecedor Gama;Correlatos;Avaria
08/09/2026;429657;Item 296;84;30;2520;21/08/2027;Fornecedor Ômega;Alimentos;0
30/09/2026;623285;Item 297;67;50;3350;24/02/2030;Fornecedor Ômega;Correlatos;Avaria
20/09/2026;838237;Item 298;58;25;1450;;;Medicamento;0
15/09/2026;242321;Item 299;110;12;1320;20/12/2027;Fornecedor Delta;Perfumaria;Devolução parcial
23/09/2026;986593;Item 300;41;48;1968;13/05/2027;Fornecedor Gama;Psicotrópico;Avaria
;414527;Item 301;109;24;;24/12/2030;Fornecedor Alfa;Correlatos;Devolução parcial
26/09/2026;335134;Item 302;16;25;400;12/10/2027;;Antibiótico;0
12/09/2026;478427;Item 303;71;120;8520;15/08/2029;Fornecedor Gama;Medicamento;Devolução parcial
;190403;Item 304;9;30;270;08/01/2031;Fornecedor Delta;Psicotrópico;Avaria
03/09/2026;906527;Item 305;53;120;6360;14/09/2027;Fornecedor Beta;Alimentos;0
12/09/2026;571832;Item 306;   ;100;;20/09/2027;Fornecedor Gama;Alimentos;Devolução parcial
14/09/2026;290802;Item 307;99;24;2376;26/10/2029;Fornecedor Ômega;Perfumaria;Devolução parcial
06/09/2026;260448;Item 308;39;24;936;22/10/2028;Fornecedor Alfa;Correlatos;Devolução parcial
09/09/2026;397846;Item 309;109;12;;07/02/2028;Fornecedor Gama;Correlatos;0
18/09/2026;755383;Item 310;39;120;4680;11/07/2027;;Alimentos;0
06/09/2026;720556;Item 311;75;24;;11/09/2030;Fornecedor Gama;Alimentos;Devolução parcial
02/09/2026;454019;Item 312;108;120;12960;18/08/2031;Fornecedor Ômega;Perfumaria;0
09/09/2026;772612;Item 313;99;120;11880;26/08/2030;Fornecedor Alfa;Psicotrópico;Avaria
16/09/2026;748133;Item 314;82;6;492;26/12/2031;;Correlatos;Devolução parcial
26/09/2026;416768;Item 315;62;25;1550;12/07/2031;Fornecedor Delta;Correlatos;Avaria
06/09/2026;176517;Item 316;89;6;534;19/06/2029;Fornecedor Delta;Antibiótico;Avaria
05/09/2026;313933;Item 317;44;120;5280;02/10/2028;Fornecedor Beta;Alimentos;Avaria
17/09/2026;518084;Item 318;17;48;816;24/02/2030;Fornecedor Ômega;Correlatos;0
15/09/2026;589131;Item 319;16;30;480;22/05/2028;Fornecedor Alfa;Perfumaria;0
14/09/2026;404309;Item 320;50;120;6000;23/05/2028;Fornecedor Alfa;Correlatos;Devolução parcial
25/09/2026;856157;Item 321;41;25;1025;23/11/2027;Fornecedor Delta;Psicotrópico;Avaria
16/09/2026;622987;Item 322;113;30;3390;17/02/2027;Fornecedor Ômega;Antibiótico;Devolução parcial
19/09/2026;579441;Item 323;31;25;775;23/12/2028;Fornecedor Ômega;Perfumaria;Avaria
10/09/2026;618934;Item 324;77;60;4620;04/01/2030;Fornecedor Ômega;Perfumaria;Avaria
24/09/2026;240440;Item 325;113;30;3390;19/01/2029;Fornecedor Delta;Correlatos;0
18/09/2026;520040;Item 326;7;120;840;03/02/2028;Fornecedor Beta;   ;Avaria
15/09/2026;177103;Item 327;50;100;5000;15/04/2031;Fornecedor Gama;Correlatos;Devolução parcial
05/09/2026;813449;Item 328;79;12;948;18/07/2027;Fornecedor Delta;Correlatos;Avaria
07/09/2026;684929;Item 329;47;24;1128;18/05/2030;Fornecedor Gama;Antibiótico;Devolução parcial
05/09/2026;142210;Item 330;6;6;36;01/01/2031;Fornecedor Beta;Antibiótico;Devolução parcial
29/09/2026;579187;Item 331;20;120;2400;21/11/2029;Fornecedor Alfa;Correlatos;Devolução parcial
20/09/2026;434002;Item 332;21;50;1050;23/02/2031;Fornecedor Beta;Psicotrópico;Avaria
18/09/2026;631958;Item 333;107;100;10700;30/09/2029;Fornecedor Gama;Correlatos;Avaria
11/09/2026;955374;Item 334;3;   ;;11/10/2030;Fornecedor Ômega;Antibiótico;Devolução parcial
20/09/2026;422623;Item 335;102;6;612;29/08/2029;Fornecedor Beta;Alimentos;Devolução parcial
19/09/2026;705693;Item 336;30;6;180;10/09/2029;Fornecedor Alfa;Psicotrópico;Devolução parcial
05/09/2026;856215;Item 337;80;50;4000;10/08/2031;Fornecedor Alfa;Perfumaria;Devolução parcial
01/09/2026;834549;Item 338;15;25;375;22/06/2029;Fornecedor Beta;Antibiótico;0
14/09/2026;533020;Item 339;89;25;2225;24/10/2029;Fornecedor Gama;Antibiótico;Devolução parcial
17/09/2026;862736;Item 340;8;24;;29/02/2028;Fornecedor Gama;Correlatos;Devolução parcial
11/09/2026;601608;Item 341;68;50;3400;21/12/2027;Fornecedor Delta;Psicotrópico;Avaria
20/09/2026;672808;Item 342;46;30;1380;18/09/2029;Fornecedor Alfa;Medicamento;Avaria
10/09/2026;685196;Item 343;39;25;975;29/04/2031;Fornecedor Beta;Alimentos;0
11/09/2026;823769;Item 344;91;60;5460;09/09/2029;Fornecedor Beta;Psicotrópico;Devolução parcial
19/09/2026;386741;Item 345;37;12;444;17/10/2030;Fornecedor Gama;Antibiótico;Avaria
10/09/2026;958130;Item 346;45;24;1080;28/03/2027;Fornecedor Beta;Alimentos;0
21/09/2026;463188;Item 347;   ;60;;09/06/2028;Fornecedor Delta;Medicamento;0
30/09/2026;968170;Item 348;69;30;2070;25/02/2030;Fornecedor Beta;Medicamento;0
08/09/2026;745584;Item 349;95;120;11400;11/05/2028;Fornecedor Ômega;Alimentos;Devolução parcial
02/09/2026;336633;Item 350;82;25;2050;25/07/2027;Fornecedor Delta;Correlatos;Devolução parcial
01/09/2026;595351;Item 351;13;   ;;01/02/2030;Fornecedor Alfa;Antibiótico;Devolução parcial
25/09/2026;598807;Item 352;62;25;1550;11/08/2028;Fornecedor Beta;Correlatos;Devolução parcial
21/09/2026;162036;Item 353;117;12;1404;21/03/2030;Fornecedor Alfa;Psicotrópico;Devolução parcial
30/09/2026;858243;Item 354;109;6;654;25/12/2027;Fornecedor Delta;Medicamento;0
06/09/2026;976822;Item 355;51;60;3060;14/03/2031;Fornecedor Beta;Perfumaria;0
04/09/2026;412886;Item 356;73;120;8760;17/11/2028;Fornecedor Beta;Antibiótico;Devolução parcial
29/09/2026;669691;Item 357;68;60;4080;02/10/2027;Fornecedor Gama;Antibiótico;Avaria
11/09/2026;302177;Item 358;104;12;1248;29/11/2027;Fornecedor Delta;Alimentos;Avaria
24/09/2026;853504;Item 359;24;6;144;21/11/2028;Fornecedor Beta;Psicotrópico;Devolução parcial
20/09/2026;894068;Item 360;25;24;600;20/10/2031;;Antibiótico;Devolução parcial
22/09/2026;443856;Item 361;12;50;600;15/07/2027;Fornecedor Alfa;Medicamento;Avaria
01/09/2026;439320;Item 362;120;25;3000;18/06/2028;Fornecedor Delta;Medicamento;Avaria
10/09/2026;;Item 363;35;48;1680;07/04/2030;Fornecedor Gama;Perfumaria;Avaria
02/09/2026;785436;Item 364;47;25;1175;29/09/2030;;Antibiótico;Avaria
30/09/2026;267475;Item 365;52;100;5200;24/12/2031;Fornecedor Beta;Alimentos;0
12/09/2026;769737;Item 366;118;30;3540;12/06/2030;Fornecedor Alfa;Medicamento;0
24/09/2026;601410;Item 367;20;60;1200;25/05/2030;Fornecedor Beta;Antibiótico;Devolução parcial
25/09/2026;675914;Item 368;117;   ;;05/01/2030;Fornecedor Alfa;Medicamento;Devolução parcial
17/09/2026;891401;Item 369;77;12;924;03/07/2029;Fornecedor Gama;Alimentos;Avaria
04/09/2026;181896;Item 370;118;120;14160;;Fornecedor Gama;Psicotrópico;0
06/09/2026;700521;Item 371;69;24;1656;02/11/2028;Fornecedor Gama;Antibiótico;0
16/09/2026;813341;Item 372;27;120;3240;06/07/2027;Fornecedor Gama;Antibiótico;0
14/09/2026;575458;Item 373;17;100;1700;24/07/2029;Fornecedor Gama;Perfumaria;Devolução parcial
24/09/2026;584838;Item 374;87;30;2610;14/02/2027;Fornecedor Delta;Correlatos;0
03/09/2026;882032;Item 375;28;120;;03/04/2027;Fornecedor Delta;Correlatos;Devolução parcial
30/09/2026;166857;Item 376;70;6;420;22/05/2027;Fornecedor Delta;Perfumaria;Avaria
25/09/2026;528728;Item 377;24;24;576;06/08/2030;Fornecedor Delta;Correlatos;Avaria
13/09/2026;570325;Item 378;112;50;5600;14/06/2027;Fornecedor Gama;Medicamento;Devolução parcial
18/09/2026;464663;Item 379;16;24;384;15/03/2029;Fornecedor Gama;Medicamento;Devolução parcial
25/09/2026;333507;Item 380;107;6;642;16/02/2027;Fornecedor Beta;Antibiótico;Devolução parcial
18/09/2026;854024;Item 381;70;50;3500;15/02/2029;Fornecedor Alfa;Medicamento;Avaria
07/09/2026;462974;Item 382;   ;30;;28/11/2031;Fornecedor Ômega;Perfumaria;Devolução parcial
08/09/2026;539605;Item 383;79;6;474;27/02/2028;Fornecedor Ômega;Perfumaria;Devolução parcial
22/09/2026;135207;Item 384;58;120;6960;11/12/2030;Fornecedor Ômega;Medicamento;Devolução parcial
08/09/2026;146385;Item 385;52;60;3120;10/01/2030;Fornecedor Alfa;Perfumaria;0
27/09/2026;628373;Item 386;38;25;950;07/02/2031;Fornecedor Gama;Correlatos;Devolução parcial
08/09/2026;726962;Item 387;99;48;4752;10/09/2028;Fornecedor Alfa;Alimentos;Devolução parcial
09/09/2026;331780;Item 388;53;30;1590;05/05/2027;Fornecedor Gama;Psicotrópico;Devolução parcial
18/09/2026;283640;Item 389;81;50;4050;12/10/2029;Fornecedor Ômega;Correlatos;Devolução parcial
11/09/2026;803953;Item 390;49;100;4900;27/11/2030;Fornecedor Delta;Antibiótico;0
25/09/2026;414455;Item 391;49;24;1176;06/01/2030;Fornecedor Delta;Medicamento;0
26/09/2026;415344;Item 392;110;24;2640;06/08/2029;Fornecedor Ômega;Psicotrópico;Avaria
05/09/2026;536740;Item 393;72;100;;06/03/2029;Fornecedor Alfa;Correlatos;0
30/09/2026;446305;Item 394;83;12;996;10/07/2029;;Perfumaria;Devolução parcial
02/09/2026;859782;Item 395;107;25;2675;03/07/2028;Fornecedor Delta;Alimentos;Devolução parcial
07/09/2026;732209;Item 396;6;12;72;06/07/2031;Fornecedor Gama;Alimentos;Devolução parcial
07/09/2026;685997;Item 397;28;60;1680;16/11/2031;Fornecedor Beta;Correlatos;0
24/09/2026;322096;Item 398;120;25;3000;29/08/2027;Fornecedor Delta;Medicamento;Devolução parcial
13/09/2026;733760;Item 399;91;25;2275;05/05/2028;Fornecedor Gama;Correlatos;Avaria
21/09/2026;499152;Item 400;60;100;6000;05/01/2029;Fornecedor Beta;Correlatos;Avaria
15/09/2026;637727;Item 401;113;60;6780;21/07/2027;Fornecedor Delta;Correlatos;0
02/09/2026;488712;Item 402;41;50;2050;26/02/2030;Fornecedor Alfa;Alimentos;0
30/09/2026;117007;Item 403;34;100;3400;11/04/2030;Fornecedor Gama;Alimentos;Avaria
11/09/2026;409531;Item 404;20;25;500;16/04/2028;Fornecedor Delta;Psicotrópico;0
09/09/2026;623555;Item 405;71;48;;13/04/2031;Fornecedor Delta;Alimentos;Devolução parcial
06/09/2026;875520;Item 406;63;60;3780;09/02/2031;Fornecedor Beta;Medicamento;0
06/09/2026;855303;Item 407;70;60;4200;27/12/2031;Fornecedor Gama;Alimentos;0
27/09/2026;649395;Item 408;5;12;60;30/09/2030;Fornecedor Ômega;Perfumaria;Avaria
03/09/2026;244170;Item 409;   ;   ;;19/12/2030;Fornecedor Alfa;Perfumaria;0
02/09/2026;630299;Item 410;59;48;2832;19/06/2030;Fornecedor Gama;Antibiótico;Devolução parcial
18/09/2026;611552;Item 411;3;6;18;03/02/2030;Fornecedor Delta;Perfumaria;0
18/09/2026;655134;Item 412;93;30;2790;10/08/2028;Fornecedor Ômega;Psicotrópico;Devolução parcial
04/09/2026;;Item 413;56;24;1344;17/07/2027;Fornecedor Gama;Medicamento;0
09/09/2026;301255;Item 414;80;100;8000;28/07/2031;Fornecedor Beta;Correlatos;Avaria
15/09/2026;182857;Item 415;48;50;2400;03/03/2030;Fornecedor Alfa;Alimentos;
21/09/2026;414546;Item 416;88;   ;;24/10/2031;Fornecedor Ômega;Perfumaria;Avaria
16/09/2026;497687;Item 417;49;100;4900;25/04/2027;Fornecedor Ômega;Alimentos;0
21/09/2026;186702;Item 418;64;50;3200;26/05/2031;Fornecedor Beta;Psicotrópico;0
08/09/2026;653815;Item 419;118;   ;;08/03/2028;Fornecedor Gama;Antibiótico;Avaria
22/09/2026;148823;Item 420;119;12;1428;28/07/2028;Fornecedor Gama;Psicotrópico;Devolução parcial
01/09/2026;134500;Item 421;23;48;1104;29/02/2028;Fornecedor Gama;Medicamento;Devolução parcial
10/09/2026;960778;Item 422;51;12;612;29/11/2027;Fornecedor Gama;   ;Devolução parcial
22/09/2026;975194;Item 423;109;50;;12/01/2030;Fornecedor Beta;Antibiótico;Devolução parcial
17/09/2026;246748;Item 424;102;12;1224;07/03/2031;Fornecedor Beta;Perfumaria;0
11/09/2026;558320;Item 425;30;12;360;24/05/2030;Fornecedor Gama;Psicotrópico;Avaria
21/09/2026;911131;Item 426;42;6;252;13/07/2028;Fornecedor Delta;Antibiótico;0
14/09/2026;473095;Item 427;71;50;3550;16/01/2028;Fornecedor Gama;Alimentos;Avaria
10/09/2026;189856;Item 428;99;120;11880;23/06/2031;Fornecedor Alfa;Alimentos;0
13/09/2026;186023;Item 429;35;24;840;28/12/2030;Fornecedor Alfa;Alimentos;Avaria
03/09/2026;432061;Item 430;47;12;564;11/01/2027;Fornecedor Beta;Antibiótico;Avaria
05/09/2026;898329;Item 431;35;12;420;28/06/2027;Fornecedor Alfa;Antibiótico;Avaria
14/09/2026;684041;Item 432;72;100;7200;31/07/2027;Fornecedor Ômega;Perfumaria;Avaria
20/09/2026;681141;Item 433;12;120;1440;26/05/2031;Fornecedor Beta;Antibiótico;0
25/09/2026;406024;Item 434;53;50;2650;23/06/2027;Fornecedor Gama;Medicamento;Devolução parcial
06/09/2026;646417;Item 435;22;50;1100;12/10/2027;Fornecedor Beta;Correlatos;Avaria
06/09/2026;;Item 436;19;12;228;09/06/2029;Fornecedor Beta;Antibiótico;Avaria
12/09/2026;607753;Item 437;101;12;1212;30/05/2028;Fornecedor Alfa;Alimentos;Devolução parcial
07/09/2026;619886;Item 438;77;120;9240;26/07/2029;Fornecedor Ômega;Medicamento;Avaria
27/09/2026;107096;Item 439;51;48;2448;24/06/2030;Fornecedor Delta;Correlatos;
05/09/2026;450996;Item 440;56;120;6720;07/09/2028;Fornecedor Beta;Psicotrópico;Devolução parcial
06/09/2026;310608;Item 441;62;48;2976;26/03/2029;Fornecedor Beta;Correlatos;Devolução parcial
19/09/2026;828716;Item 442;82;60;4920;21/05/2031;Fornecedor Alfa;Correlatos;Avaria
12/09/2026;393916;Item 443;105;50;5250;22/08/2027;Fornecedor Gama;Medicamento;Devolução parcial
01/09/2026;672133;Item 444;24;100;2400;29/01/2031;Fornecedor Delta;Alimentos;0
27/09/2026;559753;Item 445;103;30;3090;19/11/2030;Fornecedor Ômega;Antibiótico;Devolução parcial
08/09/2026;623557;Item 446;18;30;540;01/06/2028;Fornecedor Alfa;Alimentos;Avaria
15/09/2026;927406;Item 447;49;12;588;09/05/2030;Fornecedor Delta;Psicotrópico;Avaria
18/09/2026;660324;Item 448;65;50;3250;17/03/2027;Fornecedor Beta;Alimentos;Devolução parcial
04/09/2026;722665;Item 449;82;12;984;24/04/2031;Fornecedor Alfa;Alimentos;Devolução parcial
02/09/2026;472253;Item 450;22;120;2640;27/02/2030;Fornecedor Delta;Correlatos;Avaria
09/09/2026;211090;Item 451;2;12;24;30/03/2028;Fornecedor Gama;Alimentos;Devolução parcial
08/09/2026;685098;Item 452;75;120;9000;01/07/2029;Fornecedor Beta;Antibiótico;Avaria
23/09/2026;909859;Item 453;87;120;10440;21/10/2029;Fornecedor Alfa;Correlatos;0
14/09/2026;606222;Item 454;14;30;420;25/06/2027;Fornecedor Ômega;Alimentos;0
15/09/2026;465249;Item 455;40;48;1920;26/05/2031;Fornecedor Alfa;Psicotrópico;Avaria
15/09/2026;465219;Item 456;61;12;732;18/01/2031;Fornecedor Delta;Correlatos;0
01/09/2026;414849;Item 457;6;12;72;06/10/2031;Fornecedor Beta;Alimentos;0
30/09/2026;810032;Item 458;103;24;2472;25/02/2031;Fornecedor Alfa;Psicotrópico;0
18/09/2026;678719;Item 459;21;48;1008;23/05/2029;Fornecedor Delta;Medicamento;Avaria
21/09/2026;760351;Item 460;24;24;576;08/09/2030;Fornecedor Delta;Antibiótico;0
15/09/2026;873207;Item 461;79;25;1975;27/04/2030;Fornecedor Delta;Antibiótico;0
09/09/2026;838968;Item 462;28;25;;21/03/2031;Fornecedor Ômega;Psicotrópico;0
06/09/2026;938338;Item 463;112;100;11200;19/01/2029;Fornecedor Beta;Medicamento;Avaria
17/09/2026;219490;Item 464;34;60;2040;01/08/2030;Fornecedor Beta;Psicotrópico;Avaria
04/09/2026;741003;Item 465;51;120;6120;13/12/2028;Fornecedor Beta;Antibiótico;Devolução parcial
30/09/2026;280908;Item 466;105;30;3150;;Fornecedor Gama;Perfumaria;
08/09/2026;240454;Item 467;41;12;492;17/09/2028;Fornecedor Ômega;Medicamento;Avaria
13/09/2026;827120;Item 468;19;100;1900;06/05/2029;Fornecedor Gama;Medicamento;Devolução parcial
16/09/2026;502349;Item 469;55;24;1320;25/07/2030;Fornecedor Gama;Alimentos;Devolução parcial
16/09/2026;281649;Item 470;72;24;1728;14/08/2028;Fornecedor Alfa;Medicamento;Avaria
02/09/2026;982885;Item 471;58;120;6960;08/11/2031;Fornecedor Beta;Perfumaria;Avaria
18/09/2026;243167;Item 472;25;50;1250;01/11/2029;Fornecedor Delta;Antibiótico;Devolução parcial
16/09/2026;615611;Item 473;54;60;3240;09/12/2027;Fornecedor Ômega;Psicotrópico;0
10/09/2026;934541;Item 474;98;25;2450;08/03/2027;Fornecedor Beta;Medicamento;Devolução parcial
19/09/2026;402692;Item 475;22;60;1320;01/03/2031;Fornecedor Delta;Psicotrópico;Devolução parcial
09/09/2026;218710;Item 476;74;12;888;07/05/2031;;Correlatos;Devolução parcial
25/09/2026;962570;Item 477;97;6;582;12/01/2031;Fornecedor Delta;Psicotrópico;0
10/09/2026;545807;Item 478;14;25;350;27/11/2031;Fornecedor Ômega;Antibiótico;Avaria
15/09/2026;465509;Item 479;111;12;1332;08/11/2031;Fornecedor Ômega;Medicamento;0
23/09/2026;950083;Item 480;95;120;;19/12/2028;Fornecedor Gama;Alimentos;Avaria
26/09/2026;274044;Item 481;79;24;1896;28/02/2028;Fornecedor Alfa;Perfumaria;Devolução parcial
20/09/2026;467856;Item 482;69;30;2070;08/01/2030;Fornecedor Alfa;Correlatos;Devolução parcial
09/09/2026;406849;Item 483;38;120;4560;24/10/2031;Fornecedor Gama;Alimentos;0
30/09/2026;242175;Item 484;97;50;4850;02/05/2027;Fornecedor Beta;Alimentos;0
08/09/2026;835499;Item 485;111;24;2664;27/10/2027;Fornecedor Beta;Medicamento;Devolução parcial
19/09/2026;511776;Item 486;63;24;1512;19/07/2030;Fornecedor Beta;Alimentos;Avaria
21/09/2026;493396;Item 487;58;12;696;16/06/2031;Fornecedor Ômega;Antibiótico;Devolução parcial
15/09/2026;886224;Item 488;36;48;1728;26/09/2029;Fornecedor Beta;Psicotrópico;0
24/09/2026;911739;Item 489;109;12;1308;27/07/2029;Fornecedor Beta;Perfumaria;Devolução parcial
27/09/2026;517035;Item 490;28;   ;;09/03/2028;Fornecedor Delta;Correlatos;Avaria
18/09/2026;968581;Item 491;37;48;1776;29/03/2030;Fornecedor Alfa;Psicotrópico;Avaria
02/09/2026;926596;Item 492;44;6;264;23/07/2027;Fornecedor Delta;Perfumaria;0
15/09/2026;999312;Item 493;   ;60;;02/01/2027;Fornecedor Delta;Medicamento;Devolução parcial
06/09/2026;238320;Item 494;113;30;3390;26/11/2031;Fornecedor Beta;Perfumaria;Devolução parcial
12/09/2026;477943;Item 495;33;12;396;22/09/2030;Fornecedor Alfa;Perfumaria;Avaria
14/09/2026;755993;Item 496;40;25;1000;04/09/2030;Fornecedor Ômega;Alimentos;0
03/09/2026;101139;Item 497;28;60;1680;29/09/2027;Fornecedor Gama;Medicamento;Devolução parcial
01/09/2026;813013;Item 498;57;6;342;25/11/2030;Fornecedor Beta;Perfumaria;Avaria
03/09/2026;827744;Item 499;17;60;1020;13/04/2028;Fornecedor Delta;Perfumaria;Devolução parcial
11/09/2026;945106;Item 500;14;12;168;22/01/2029;Fornecedor Beta;Medicamento;Avaria
21/09/2026;911032;Item 501;105;24;2520;18/10/2030;Fornecedor Alfa;Perfumaria;Devolução parcial
21/09/2026;690653;Item 502;2;120;240;03/12/2027;Fornecedor Delta;Correlatos;Devolução parcial
30/09/2026;323404;Item 503;81;24;1944;23/04/2029;Fornecedor Gama;Alimentos;Avaria
05/09/2026;327797;Item 504;12;12;144;22/03/2031;Fornecedor Ômega;Psicotrópico;Devolução parcial
11/09/2026;502686;Item 505;45;50;2250;09/06/2031;Fornecedor Alfa;Medicamento;Avaria
18/09/2026;775933;Item 506;11;25;275;15/05/2030;Fornecedor Gama;Alimentos;Devolução parcial
28/09/2026;398761;Item 507;100;6;600;01/10/2031;Fornecedor Beta;Medicamento;Devolução parcial
24/09/2026;736408;Item 508;66;25;1650;13/03/2029;;Alimentos;0
16/09/2026;921875;Item 509;115;25;2875;01/03/2029;Fornecedor Ômega;Medicamento;Avaria
17/09/2026;769077;Item 510;77;   ;;26/12/2031;Fornecedor Ômega;Correlatos;Avaria
14/09/2026;238394;Item 511;   ;120;;18/01/2029;;Alimentos;0
01/09/2026;899776;Item 512;61;12;732;17/04/2030;Fornecedor Ômega;Perfumaria;Avaria
26/09/2026;326222;Item 513;6;6;36;26/03/2029;Fornecedor Gama;Correlatos;Devolução parcial
14/09/2026;;Item 514;65;50;3250;08/12/2030;Fornecedor Delta;Perfumaria;Devolução parcial
05/09/2026;662628;Item 515;69;120;8280;22/07/2028;Fornecedor Ômega;Correlatos;0
26/09/2026;636141;Item 516;118;25;;15/11/2027;Fornecedor Gama;Correlatos;Avaria
10/09/2026;714923;Item 517;82;12;984;01/12/2030;Fornecedor Delta;Alimentos;0
30/09/2026;160718;Item 518;32;12;;08/06/2029;Fornecedor Ômega;Antibiótico;Devolução parcial
22/09/2026;738407;Item 519;8;30;240;27/02/2031;Fornecedor Alfa;Perfumaria;0
06/09/2026;842287;Item 520;18;6;108;13/10/2029;Fornecedor Beta;Psicotrópico;Devolução parcial
06/09/2026;921021;Item 521;106;30;3180;31/01/2029;Fornecedor Alfa;Alimentos;Avaria
25/09/2026;868538;Item 522;114;12;;02/03/2027;Fornecedor Beta;Antibiótico;Avaria
23/09/2026;649300;Item 523;9;30;270;26/03/2030;Fornecedor Ômega;Antibiótico;Avaria
16/09/2026;635593;Item 524;47;6;282;26/10/2031;Fornecedor Gama;Medicamento;Avaria
29/09/2026;264951;Item 525;33;12;396;21/03/2030;Fornecedor Ômega;Medicamento;Devolução parcial
28/09/2026;633541;Item 526;1;6;6;03/11/2031;Fornecedor Ômega;Medicamento;0
30/09/2026;594681;Item 527;47;50;2350;04/11/2027;Fornecedor Alfa;Perfumaria;Devolução parcial
08/09/2026;942127;Item 528;117;50;5850;21/10/2028;Fornecedor Alfa;Antibiótico;Devolução parcial
19/09/2026;435476;Item 529;35;12;420;02/02/2029;Fornecedor Ômega;Psicotrópico;Devolução parcial
26/09/2026;155230;Item 530;23;25;575;22/11/2029;Fornecedor Ômega;Antibiótico;0
25/09/2026;587686;Item 531;111;30;3330;27/09/2031;Fornecedor Beta;Correlatos;0
12/09/2026;679958;Item 532;59;6;354;15/02/2028;Fornecedor Beta;Psicotrópico;Avaria
15/09/2026;875501;Item 533;80;25;2000;24/01/2029;Fornecedor Gama;Antibiótico;0
25/09/2026;868043;Item 534;116;100;11600;19/06/2031;Fornecedor Alfa;Medicamento;0
18/09/2026;529954;Item 535;4;25;100;10/12/2028;Fornecedor Ômega;Correlatos;0
28/09/2026;895794;Item 536;85;50;4250;20/02/2031;Fornecedor Beta;   ;0
16/09/2026;655550;Item 537;31;50;1550;03/05/2027;Fornecedor Alfa;Alimentos;Avaria
29/09/2026;197545;Item 538;6;25;150;;Fornecedor Gama;Antibiótico;Devolução parcial
19/09/2026;490586;Item 539;59;12;708;15/07/2027;Fornecedor Gama;Medicamento;Devolução parcial
19/09/2026;959793;Item 540;51;12;612;08/03/2030;;Antibiótico;Devolução parcial
09/09/2026;237057;Item 541;31;30;930;09/10/2031;Fornecedor Beta;Antibiótico;Devolução parcial
11/09/2026;972310;Item 542;95;48;4560;16/07/2029;Fornecedor Beta;Medicamento;0
04/09/2026;312559;Item 543;18;120;2160;15/11/2027;Fornecedor Ômega;Medicamento;Avaria
04/09/2026;588694;Item 544;41;50;2050;02/01/2030;Fornecedor Beta;Medicamento;Avaria
28/09/2026;423284;Item 545;60;30;1800;03/09/2027;Fornecedor Ômega;Medicamento;Devolução parcial
02/09/2026;418992;Item 546;106;120;12720;16/03/2028;Fornecedor Beta;Medicamento;0
13/09/2026;845702;Item 547;32;48;1536;17/11/2029;Fornecedor Ômega;Alimentos;Avaria
01/09/2026;372804;Item 548;105;24;2520;08/04/2029;Fornecedor Delta;Psicotrópico;Devolução parcial
15/09/2026;676843;Item 549;32;12;384;28/07/2027;Fornecedor Alfa;Perfumaria;0
05/09/2026;164664;Item 550;107;25;2675;10/02/2028;Fornecedor Delta;Correlatos;Devolução parcial
19/09/2026;760914;Item 551;83;12;996;15/04/2030;Fornecedor Beta;Perfumaria;0
26/09/2026;167603;Item 552;26;60;1560;21/09/2027;Fornecedor Ômega;Correlatos;0
06/09/2026;144770;Item 553;60;6;360;21/03/2030;Fornecedor Delta;Alimentos;Avaria
22/09/2026;620226;Item 554;4;50;200;23/05/2029;Fornecedor Alfa;Correlatos;0
15/09/2026;296242;Item 555;36;30;1080;15/12/2031;Fornecedor Alfa;Perfumaria;Devolução parcial
21/09/2026;749253;Item 556;79;25;1975;27/08/2028;Fornecedor Delta;Antibiótico;Devolução parcial
09/09/2026;602300;Item 557;8;12;96;23/02/2029;;Antibiótico;0
08/09/2026;773870;Item 558;114;100;11400;15/07/2030;Fornecedor Gama;Perfumaria;Avaria
16/09/2026;919898;Item 559;   ;48;;20/01/2030;Fornecedor Delta;Correlatos;Devolução parcial
09/09/2026;626797;Item 560;42;50;2100;04/01/2028;Fornecedor Ômega;Correlatos;Devolução parcial
02/09/2026;329659;Item 561;4;30;120;15/07/2031;;Psicotrópico;Avaria
06/09/2026;904092;Item 562;75;25;1875;25/07/2027;Fornecedor Alfa;Alimentos;0
25/09/2026;379473;Item 563;69;6;414;25/03/2028;Fornecedor Gama;Antibiótico;Avaria
06/09/2026;979988;Item 564;109;24;2616;29/04/2028;Fornecedor Gama;Correlatos;Devolução parcial
01/09/2026;831514;Item 565;46;120;5520;11/12/2030;Fornecedor Beta;Psicotrópico;Devolução parcial
27/09/2026;249005;Item 566;73;25;1825;18/07/2031;Fornecedor Delta;Psicotrópico;Avaria
03/09/2026;284084;Item 567;63;6;378;26/04/2027;Fornecedor Alfa;Psicotrópico;0
01/09/2026;120896;Item 568;68;60;;10/11/2028;Fornecedor Gama;Medicamento;0
30/09/2026;457311;Item 569;92;24;2208;02/07/2031;Fornecedor Beta;Perfumaria;0
25/09/2026;254887;Item 570;76;24;1824;16/08/2027;Fornecedor Gama;Correlatos;0
19/09/2026;491738;Item 571;91;   ;;26/07/2027;Fornecedor Beta;Correlatos;Avaria
26/09/2026;243079;Item 572;21;50;1050;02/08/2030;Fornecedor Delta;Alimentos;Avaria
23/09/2026;282664;Item 573;91;100;9100;27/12/2031;Fornecedor Gama;Correlatos;0
13/09/2026;797860;Item 574;76;24;1824;20/09/2028;Fornecedor Beta;Medicamento;
13/09/2026;864234;Item 575;1;120;120;09/10/2031;Fornecedor Gama;Perfumaria;0
08/09/2026;731650;Item 576;41;120;4920;02/08/2030;Fornecedor Gama;Perfumaria;Avaria
08/09/2026;247475;Item 577;43;12;516;11/12/2028;Fornecedor Beta;Medicamento;Devolução parcial
15/09/2026;193035;Item 578;106;48;5088;24/01/2027;Fornecedor Beta;Medicamento;0
09/09/2026;826847;Item 579;9;48;432;31/05/2031;Fornecedor Ômega;Alimentos;0
24/09/2026;150486;Item 580;50;60;3000;09/05/2029;Fornecedor Alfa;   ;
13/09/2026;497108;Item 581;45;100;;27/07/2027;Fornecedor Delta;Psicotrópico;Devolução parcial
06/09/2026;895075;Item 582;88;25;2200;13/07/2029;Fornecedor Ômega;Perfumaria;Avaria
04/09/2026;121053;Item 583;41;30;1230;01/06/2027;Fornecedor Beta;Medicamento;Avaria
18/09/2026;268720;Item 584;94;12;1128;10/07/2027;Fornecedor Beta;Psicotrópico;Devolução parcial
14/09/2026;606186;Item 585;91;6;546;31/08/2030;Fornecedor Alfa;Psicotrópico;Avaria
11/09/2026;264735;Item 586;7;12;84;25/02/2028;Fornecedor Alfa;Antibiótico;Devolução parcial
09/09/2026;681028;Item 587;93;100;9300;;Fornecedor Beta;Correlatos;0
19/09/2026;200575;Item 588;7;50;350;30/01/2030;Fornecedor Delta;Medicamento;0
03/09/2026;478356;Item 589;1;50;50;26/08/2028;Fornecedor Gama;Antibiótico;0
06/09/2026;201698;Item 590;4;25;100;31/07/2030;Fornecedor Beta;Perfumaria;Avaria
26/09/2026;984756;Item 591;15;30;450;25/03/2029;Fornecedor Delta;Antibiótico;Devolução parcial
13/09/2026;377877;Item 592;12;100;1200;14/01/2028;Fornecedor Beta;Antibiótico;Avaria
09/09/2026;295646;Item 593;58;   ;;19/06/2029;Fornecedor Delta;Correlatos;0
02/09/2026;977740;Item 594;35;120;4200;06/11/2027;Fornecedor Ômega;Perfumaria;Devolução parcial
14/09/2026;460491;Item 595;104;100;10400;30/03/2031;Fornecedor Gama;Medicamento;Devolução parcial
27/09/2026;163946;Item 596;108;50;5400;06/12/2029;Fornecedor Delta;Psicotrópico;Devolução parcial
16/09/2026;597889;Item 597;74;25;1850;04/09/2028;Fornecedor Ômega;   ;Devolução parcial
29/09/2026;136415;Item 598;65;120;7800;24/11/2029;Fornecedor Gama;Alimentos;Devolução parcial
06/09/2026;254610;Item 599;16;60;960;09/12/2027;Fornecedor Alfa;Medicamento;0
22/09/2026;144748;Item 600;   ;12;;10/06/2029;Fornecedor Alfa;Alimentos;0
11/09/2026;974625;Item 601;77;30;2310;29/01/2031;;Perfumaria;Avaria
11/09/2026;683390;Item 602;51;100;5100;21/10/2031;Fornecedor Beta;Psicotrópico;Avaria
19/09/2026;112964;Item 603;101;120;12120;06/12/2029;Fornecedor Delta;Perfumaria;Avaria
19/09/2026;256911;Item 604;19;120;2280;08/04/2030;Fornecedor Ômega;Perfumaria;Devolução parcial
28/09/2026;917411;Item 605;13;30;390;01/01/2030;Fornecedor Beta;Antibiótico;Avaria
19/09/2026;501650;Item 606;84;60;5040;01/06/2030;Fornecedor Delta;Perfumaria;0
20/09/2026;388792;Item 607;52;24;1248;31/05/2030;Fornecedor Delta;Perfumaria;Avaria
02/09/2026;447596;Item 608;89;25;;08/03/2031;Fornecedor Delta;Correlatos;Avaria
10/09/2026;121215;Item 609;44;30;1320;28/07/2028;Fornecedor Delta;Alimentos;Devolução parcial
05/09/2026;202988;Item 610;112;25;2800;07/09/2028;Fornecedor Delta;Correlatos;Avaria
21/09/2026;864201;Item 611;54;120;6480;02/07/2027;Fornecedor Alfa;Antibiótico;0
25/09/2026;963994;Item 612;53;60;3180;23/11/2029;Fornecedor Beta;Perfumaria;Devolução parcial
10/09/2026;929937;Item 613;21;12;252;24/12/2030;Fornecedor Gama;Antibiótico;0
29/09/2026;918430;Item 614;109;100;10900;10/03/2030;Fornecedor Ômega;Medicamento;0
08/09/2026;973390;Item 615;26;6;;09/03/2027;Fornecedor Delta;Perfumaria;Avaria
12/09/2026;838862;Item 616;26;30;780;14/08/2031;Fornecedor Delta;Psicotrópico;Avaria
22/09/2026;766275;Item 617;119;12;1428;04/03/2027;Fornecedor Alfa;Correlatos;Avaria
28/09/2026;722899;Item 618;58;24;1392;29/08/2029;Fornecedor Gama;Psicotrópico;Avaria
24/09/2026;460971;Item 619;21;30;630;29/08/2031;Fornecedor Ômega;Correlatos;0
28/09/2026;505343;Item 620;7;24;168;17/03/2030;Fornecedor Alfa;Medicamento;Devolução parcial
09/09/2026;336047;Item 621;87;25;;27/08/2030;Fornecedor Delta;Psicotrópico;0
16/09/2026;918207;Item 622;99;6;594;28/09/2027;Fornecedor Alfa;Psicotrópico;
26/09/2026;334639;Item 623;33;120;3960;17/09/2028;Fornecedor Beta;Antibiótico;Avaria
09/09/2026;992952;Item 624;45;60;2700;22/03/2028;Fornecedor Delta;Correlatos;Devolução parcial
13/09/2026;645928;Item 625;106;120;12720;12/04/2030;Fornecedor Ômega;Perfumaria;Devolução parcial
18/09/2026;794530;Item 626;108;48;;18/08/2030;Fornecedor Gama;Psicotrópico;
16/09/2026;412974;Item 627;88;12;1056;11/05/2027;Fornecedor Beta;Correlatos;Devolução parcial
09/09/2026;440930;Item 628;111;30;;05/09/2030;Fornecedor Beta;Medicamento;0
29/09/2026;642421;Item 629;98;25;2450;27/04/2027;Fornecedor Gama;Antibiótico;Devolução parcial
24/09/2026;435109;Item 630;88;24;2112;22/02/2027;Fornecedor Delta;Correlatos;Avaria
24/09/2026;538897;Item 631;52;50;2600;14/03/2027;Fornecedor Gama;Alimentos;Devolução parcial
24/09/2026;955653;Item 632;25;48;1200;31/12/2030;Fornecedor Alfa;Alimentos;
30/09/2026;769320;Item 633;101;60;6060;07/10/2030;Fornecedor Beta;Psicotrópico;Avaria
06/09/2026;986486;Item 634;22;100;2200;24/08/2028;Fornecedor Ômega;Antibiótico;0
25/09/2026;876909;Item 635;34;100;3400;10/01/2028;Fornecedor Beta;Alimentos;0
24/09/2026;333049;Item 636;46;   ;;20/11/2031;Fornecedor Beta;Antibiótico;Avaria
10/09/2026;489737;Item 637;34;120;4080;07/08/2029;Fornecedor Ômega;   ;0
20/09/2026;765213;Item 638;75;120;;26/05/2027;Fornecedor Delta;Medicamento;Devolução parcial
17/09/2026;225636;Item 639;112;50;5600;03/09/2028;Fornecedor Delta;Perfumaria;0
14/09/2026;244037;Item 640;26;48;1248;12/03/2030;Fornecedor Delta;Medicamento;Avaria
16/09/2026;850432;Item 641;24;12;288;12/11/2028;Fornecedor Alfa;Correlatos;Devolução parcial
09/09/2026;160831;Item 642;1;60;60;04/03/2028;;Psicotrópico;0
05/09/2026;613358;Item 643;101;12;1212;12/06/2030;;Alimentos;Avaria
13/09/2026;522988;Item 644;55;60;3300;10/01/2027;Fornecedor Ômega;Psicotrópico;0
29/09/2026;866151;Item 645;48;6;288;;Fornecedor Gama;Medicamento;
08/09/2026;809621;Item 646;1;25;25;21/11/2030;Fornecedor Beta;Correlatos;0
19/09/2026;207697;Item 647;50;100;5000;18/09/2028;Fornecedor Alfa;Perfumaria;
24/09/2026;412687;Item 648;38;   ;;01/12/2029;Fornecedor Gama;Psicotrópico;Avaria
11/09/2026;554730;Item 649;114;24;2736;30/09/2029;Fornecedor Beta;Medicamento;0
08/09/2026;951452;Item 650;52;6;312;04/04/2028;Fornecedor Alfa;Medicamento;Devolução parcial
06/09/2026;122977;Item 651;   ;100;;10/09/2027;Fornecedor Beta;Alimentos;Devolução parcial
29/09/2026;930605;Item 652;5;50;250;04/08/2030;Fornecedor Beta;Psicotrópico;Devolução parcial
22/09/2026;150947;Item 653;77;6;462;10/08/2027;Fornecedor Ômega;Perfumaria;Devolução parcial
13/09/2026;221414;Item 654;54;60;3240;11/09/2027;Fornecedor Gama;Correlatos;Avaria
23/09/2026;835962;Item 655;20;25;500;05/11/2030;Fornecedor Ômega;Correlatos;Avaria
09/09/2026;793805;Item 656;13;100;1300;29/06/2030;;Alimentos;0
17/09/2026;539170;Item 657;107;12;;12/01/2031;Fornecedor Gama;Perfumaria;Avaria
16/09/2026;219550;Item 658;101;12;;11/02/2028;Fornecedor Gama;Medicamento;Avaria
12/09/2026;971889;Item 659;67;25;1675;11/12/2030;Fornecedor Delta;Correlatos;0
30/09/2026;141319;Item 660;71;60;4260;01/03/2028;Fornecedor Delta;Correlatos;0
30/09/2026;102871;Item 661;2;12;24;15/08/2027;Fornecedor Gama;Alimentos;Avaria
03/09/2026;256389;Item 662;12;100;1200;21/01/2031;Fornecedor Ômega;Correlatos;Devolução parcial
09/09/2026;342389;Item 663;59;30;1770;08/08/2029;Fornecedor Ômega;Perfumaria;0
12/09/2026;141360;Item 664;110;30;3300;30/06/2031;Fornecedor Beta;Antibiótico;Devolução parcial
01/09/2026;221531;Item 665;13;6;78;11/10/2031;Fornecedor Alfa;Alimentos;Devolução parcial
29/09/2026;278795;Item 666;43;48;2064;15/06/2029;Fornecedor Gama;Correlatos;Devolução parcial
06/09/2026;197466;Item 667;48;48;2304;22/08/2027;Fornecedor Delta;Antibiótico;Avaria
23/09/2026;385037;Item 668;107;50;5350;09/10/2031;Fornecedor Delta;Antibiótico;Devolução parcial
05/09/2026;935620;Item 669;22;12;264;26/11/2030;Fornecedor Ômega;Medicamento;0
16/09/2026;536236;Item 670;117;120;14040;02/07/2031;Fornecedor Gama;Alimentos;Avaria
25/09/2026;290065;Item 671;79;50;3950;04/01/2029;Fornecedor Gama;Perfumaria;Devolução parcial
16/09/2026;979269;Item 672;94;24;2256;26/09/2029;Fornecedor Ômega;Antibiótico;Avaria
21/09/2026;148205;Item 673;9;30;270;05/10/2028;Fornecedor Ômega;Alimentos;Devolução parcial
24/09/2026;650311;Item 674;99;120;11880;03/03/2030;Fornecedor Alfa;Alimentos;Avaria
04/09/2026;644315;Item 675;67;120;8040;05/06/2029;Fornecedor Alfa;Antibiótico;Avaria
05/09/2026;795951;Item 676;87;50;4350;15/09/2031;Fornecedor Gama;Psicotrópico;0
17/09/2026;112210;Item 677;83;24;1992;05/10/2031;Fornecedor Delta;Antibiótico;0
11/09/2026;178501;Item 678;97;60;5820;08/05/2028;Fornecedor Beta;Correlatos;0
21/09/2026;631553;Item 679;29;100;2900;14/02/2029;Fornecedor Delta;Medicamento;0
15/09/2026;581395;Item 680;57;120;6840;30/06/2027;Fornecedor Delta;Antibiótico;Avaria
04/09/2026;224473;Item 681;64;6;384;06/04/2029;Fornecedor Delta;Perfumaria;Devolução parcial
26/09/2026;675771;Item 682;1;12;12;22/05/2030;Fornecedor Gama;Alimentos;Avaria
21/09/2026;633030;Item 683;72;25;1800;07/10/2030;Fornecedor Delta;Correlatos;Avaria
28/09/2026;965401;Item 684;7;25;175;19/07/2029;Fornecedor Beta;Psicotrópico;Devolução parcial
23/09/2026;729094;Item 685;61;48;2928;15/07/2029;Fornecedor Ômega;Perfumaria;Devolução parcial
12/09/2026;332518;Item 686;1;48;48;27/08/2031;Fornecedor Beta;Psicotrópico;Devolução parcial
02/09/2026;492052;Item 687;90;12;1080;03/12/2027;Fornecedor Delta;Medicamento;Devolução parcial
04/09/2026;878579;Item 688;93;50;4650;04/06/2028;Fornecedor Gama;Medicamento;0
07/09/2026;226611;Item 689;120;50;6000;25/07/2029;;Alimentos;Avaria
02/09/2026;213000;Item 690;97;50;4850;20/07/2030;Fornecedor Gama;Perfumaria;Avaria
17/09/2026;579605;Item 691;85;120;10200;03/10/2027;Fornecedor Delta;Perfumaria;Devolução parcial
30/09/2026;871976;Item 692;7;100;700;05/06/2029;Fornecedor Gama;Antibiótico;Devolução parcial
23/09/2026;919023;Item 693;118;24;2832;30/03/2030;Fornecedor Alfa;Alimentos;0
20/09/2026;208584;Item 694;50;120;6000;13/12/2031;Fornecedor Beta;Psicotrópico;Avaria
09/09/2026;539001;Item 695;78;25;1950;25/03/2029;Fornecedor Beta;Correlatos;Avaria
14/09/2026;943890;Item 696;18;24;432;18/05/2030;Fornecedor Gama;Correlatos;Devolução parcial
23/09/2026;674416;Item 697;111;48;;18/02/2031;Fornecedor Gama;Alimentos;0
23/09/2026;310647;Item 698;27;120;3240;18/08/2028;Fornecedor Beta;Alimentos;0
17/09/2026;844904;Item 699;84;24;2016;16/01/2030;Fornecedor Beta;Alimentos;0
16/09/2026;897730;Item 700;46;100;4600;08/04/2030;Fornecedor Gama;Alimentos;Devolução parcial
10/09/2026;537757;Item 701;87;100;8700;03/12/2031;Fornecedor Delta;Perfumaria;Devolução parcial
05/09/2026;211642;Item 702;4;   ;;19/04/2027;Fornecedor Ômega;Medicamento;Avaria
10/09/2026;886626;Item 703;101;24;2424;31/10/2030;Fornecedor Beta;Medicamento;0
07/09/2026;824141;Item 704;101;30;3030;24/03/2031;Fornecedor Gama;Perfumaria;Avaria
20/09/2026;953568;Item 705;58;12;696;13/11/2031;Fornecedor Gama;Medicamento;Devolução parcial
08/09/2026;778553;Item 706;72;50;3600;12/11/2029;Fornecedor Beta;Alimentos;Devolução parcial
13/09/2026;149261;Item 707;119;50;5950;03/05/2029;Fornecedor Beta;Psicotrópico;0
07/09/2026;113595;Item 708;96;30;2880;24/06/2030;Fornecedor Delta;Medicamento;Devolução parcial
25/09/2026;838857;Item 709;91;48;4368;20/04/2030;Fornecedor Gama;Alimentos;Devolução parcial
10/09/2026;306012;Item 710;100;25;2500;08/07/2029;Fornecedor Alfa;Alimentos;0
04/09/2026;296059;Item 711;23;100;2300;11/02/2029;Fornecedor Ômega;Antibiótico;Avaria
06/09/2026;683635;Item 712;34;24;816;11/04/2030;Fornecedor Beta;Perfumaria;Avaria
02/09/2026;588983;Item 713;91;24;2184;11/11/2027;Fornecedor Beta;Psicotrópico;0
27/09/2026;911242;Item 714;120;120;14400;17/09/2030;Fornecedor Beta;Antibiótico;Devolução parcial
26/09/2026;676884;Item 715;46;12;552;20/12/2030;Fornecedor Beta;Psicotrópico;0
26/09/2026;292800;Item 716;67;12;804;31/10/2029;Fornecedor Alfa;Antibiótico;Devolução parcial
12/09/2026;663123;Item 717;52;12;624;29/03/2028;Fornecedor Alfa;Alimentos;Avaria
07/09/2026;447148;Item 718;47;30;1410;22/03/2031;Fornecedor Gama;Psicotrópico;Avaria
04/09/2026;688602;Item 719;106;6;636;01/10/2030;Fornecedor Beta;Antibiótico;0
08/09/2026;773462;Item 720;79;120;9480;23/03/2027;;Antibiótico;0
24/09/2026;504620;Item 721;33;100;3300;02/08/2028;Fornecedor Ômega;Psicotrópico;Avaria
15/09/2026;639292;Item 722;103;100;10300;23/09/2029;Fornecedor Ômega;Correlatos;Devolução parcial
03/09/2026;301863;Item 723;42;100;4200;16/07/2027;Fornecedor Alfa;Psicotrópico;Devolução parcial
07/09/2026;;Item 724;81;12;972;04/10/2030;Fornecedor Alfa;Alimentos;Avaria
18/09/2026;976258;Item 725;14;25;350;25/08/2031;Fornecedor Delta;Alimentos;0
01/09/2026;883171;Item 726;88;24;2112;29/07/2029;;Perfumaria;0
26/09/2026;176806;Item 727;7;24;168;30/05/2028;Fornecedor Gama;Perfumaria;Devolução parcial
14/09/2026;961530;Item 728;30;30;900;05/03/2029;Fornecedor Delta;Alimentos;Avaria
13/09/2026;554059;Item 729;41;6;246;10/10/2030;Fornecedor Ômega;Psicotrópico;0
03/09/2026;772580;Item 730;93;120;11160;29/03/2031;Fornecedor Gama;Perfumaria;Devolução parcial
30/09/2026;989455;Item 731;10;48;480;26/10/2029;Fornecedor Ômega;Correlatos;Devolução parcial
10/09/2026;415989;Item 732;78;12;936;17/04/2031;Fornecedor Delta;Antibiótico;Avaria
16/09/2026;962057;Item 733;   ;6;;17/11/2027;Fornecedor Gama;Medicamento;0
10/09/2026;883028;Item 734;51;100;;22/07/2030;Fornecedor Alfa;Correlatos;Devolução parcial
01/09/2026;933635;Item 735;111;48;5328;07/02/2030;Fornecedor Gama;Medicamento;0
20/09/2026;143802;Item 736;1;120;120;18/03/2029;Fornecedor Gama;Psicotrópico;0
07/09/2026;419491;Item 737;27;48;1296;25/04/2029;Fornecedor Gama;Medicamento;
27/09/2026;292930;Item 738;29;120;3480;01/06/2028;Fornecedor Alfa;Perfumaria;0
28/09/2026;803571;Item 739;103;120;;22/04/2027;Fornecedor Gama;Antibiótico;Devolução parcial
22/09/2026;676365;Item 740;10;30;300;18/05/2027;Fornecedor Beta;Perfumaria;0
11/09/2026;860835;Item 741;75;60;;01/01/2029;Fornecedor Alfa;Alimentos;Devolução parcial
20/09/2026;345925;Item 742;13;30;390;23/05/2027;Fornecedor Alfa;Correlatos;Avaria
22/09/2026;572536;Item 743;43;120;5160;18/09/2028;Fornecedor Gama;Medicamento;Devolução parcial
14/09/2026;694397;Item 744;47;48;2256;12/12/2027;Fornecedor Ômega;Correlatos;0
09/09/2026;923824;Item 745;29;   ;;17/09/2031;Fornecedor Beta;Medicamento;Devolução parcial
15/09/2026;868577;Item 746;   ;60;;01/07/2029;Fornecedor Beta;Correlatos;Avaria
;678469;Item 747;14;24;;27/05/2030;Fornecedor Ômega;Correlatos;0
24/09/2026;664781;Item 748;26;30;780;21/12/2031;Fornecedor Ômega;Alimentos;0
21/09/2026;119535;Item 749;109;100;10900;05/03/2027;Fornecedor Gama;Psicotrópico;Avaria
30/09/2026;906564;Item 750;76;25;1900;17/03/2027;Fornecedor Gama;Correlatos;Devolução parcial
12/09/2026;665892;Item 751;61;24;1464;14/03/2029;Fornecedor Alfa;Psicotrópico;Devolução parcial
15/09/2026;998801;Item 752;38;24;912;23/10/2029;Fornecedor Gama;Perfumaria;Avaria
22/09/2026;481540;Item 753;65;6;390;04/05/2028;Fornecedor Gama;Alimentos;0
15/09/2026;893988;Item 754;66;24;;23/11/2027;Fornecedor Alfa;Psicotrópico;Devolução parcial
24/09/2026;791444;Item 755;112;24;2688;08/02/2031;Fornecedor Delta;Correlatos;0
08/09/2026;329448;Item 756;98;60;5880;09/05/2027;Fornecedor Beta;Correlatos;0
17/09/2026;144887;Item 757;86;   ;;09/06/2031;Fornecedor Beta;Antibiótico;Avaria
02/09/2026;576728;Item 758;113;6;678;21/08/2030;Fornecedor Beta;Perfumaria;Devolução parcial
27/09/2026;646699;Item 759;82;30;2460;28/02/2031;Fornecedor Beta;Psicotrópico;Devolução parcial
21/09/2026;697856;Item 760;23;50;1150;14/02/2029;Fornecedor Beta;Psicotrópico;Devolução parcial
09/09/2026;976052;Item 761;10;100;1000;09/02/2029;Fornecedor Alfa;Psicotrópico;Avaria
16/09/2026;470040;Item 762;105;48;5040;12/06/2031;Fornecedor Delta;Psicotrópico;0
15/09/2026;626214;Item 763;113;24;2712;06/12/2027;Fornecedor Alfa;Perfumaria;Devolução parcial
05/09/2026;774734;Item 764;36;25;900;18/01/2028;Fornecedor Alfa;Correlatos;Devolução parcial
22/09/2026;852146;Item 765;105;12;;16/04/2028;Fornecedor Delta;Correlatos;Devolução parcial
16/09/2026;218844;Item 766;62;60;3720;07/03/2028;Fornecedor Gama;Medicamento;Devolução parcial
08/09/2026;973846;Item 767;53;6;318;30/03/2027;Fornecedor Alfa;Psicotrópico;Devolução parcial
02/09/2026;268956;Item 768;18;100;1800;30/12/2031;Fornecedor Gama;Medicamento;0
17/09/2026;274421;Item 769;34;24;816;10/04/2029;Fornecedor Gama;Psicotrópico;Devolução parcial
03/09/2026;119524;Item 770;113;30;3390;19/03/2028;Fornecedor Delta;Psicotrópico;Avaria
27/09/2026;605065;Item 771;22;25;550;21/04/2029;Fornecedor Gama;Medicamento;Devolução parcial
20/09/2026;960307;Item 772;99;24;2376;12/09/2030;Fornecedor Gama;Correlatos;0
;859364;Item 773;88;48;4224;17/07/2029;Fornecedor Gama;Psicotrópico;0
05/09/2026;340977;Item 774;49;50;2450;11/08/2027;Fornecedor Ômega;Medicamento;Devolução parcial
27/09/2026;628859;Item 775;88;50;4400;03/11/2027;Fornecedor Gama;Perfumaria;0
20/09/2026;598985;Item 776;116;120;13920;21/03/2027;Fornecedor Gama;Psicotrópico;0
29/09/2026;197716;Item 777;62;24;1488;20/05/2030;Fornecedor Gama;Perfumaria;
14/09/2026;780768;Item 778;56;100;5600;28/01/2029;Fornecedor Ômega;Alimentos;Devolução parcial
26/09/2026;549793;Item 779;30;60;1800;24/04/2031;Fornecedor Delta;Correlatos;Devolução parcial
04/09/2026;943706;Item 780;95;   ;;21/05/2029;Fornecedor Alfa;Correlatos;Avaria
10/09/2026;903061;Item 781;30;12;360;10/05/2030;Fornecedor Gama;Antibiótico;Avaria
19/09/2026;298202;Item 782;1;6;6;06/12/2029;Fornecedor Ômega;Psicotrópico;0
23/09/2026;493247;Item 783;84;25;2100;06/07/2031;Fornecedor Beta;Antibiótico;Avaria
21/09/2026;211760;Item 784;20;50;1000;13/04/2030;Fornecedor Beta;Correlatos;Devolução parcial
20/09/2026;544136;Item 785;73;48;3504;18/07/2028;Fornecedor Delta;Medicamento;Avaria
16/09/2026;678923;Item 786;101;100;10100;02/01/2028;Fornecedor Beta;Psicotrópico;Devolução parcial
19/09/2026;607259;Item 787;33;30;990;06/12/2028;Fornecedor Delta;Alimentos;0
24/09/2026;996531;Item 788;111;12;1332;15/04/2028;;Alimentos;0
13/09/2026;205149;Item 789;28;100;2800;29/05/2031;Fornecedor Beta;Psicotrópico;Devolução parcial
06/09/2026;830917;Item 790;   ;6;;07/03/2029;Fornecedor Ômega;Perfumaria;0
14/09/2026;594580;Item 791;119;   ;;30/06/2027;Fornecedor Ômega;Correlatos;0
02/09/2026;488848;Item 792;11;120;1320;23/01/2031;Fornecedor Delta;Antibiótico;Devolução parcial
23/09/2026;788049;Item 793;67;30;2010;08/05/2030;Fornecedor Ômega;Medicamento;Devolução parcial
07/09/2026;618382;Item 794;57;6;;08/10/2031;Fornecedor Gama;Correlatos;0
17/09/2026;135241;Item 795;101;120;12120;22/11/2029;Fornecedor Alfa;Psicotrópico;0
08/09/2026;806765;Item 796;5;48;240;03/09/2030;Fornecedor Ômega;Medicamento;0
12/09/2026;389340;Item 797;100;   ;;03/10/2030;Fornecedor Delta;Antibiótico;Devolução parcial
;310040;Item 798;   ;6;;12/12/2030;Fornecedor Ômega;Perfumaria;Devolução parcial
30/09/2026;398313;Item 799;93;100;9300;08/04/2030;Fornecedor Beta;Correlatos;Avaria
15/09/2026;337288;Item 800;78;25;1950;07/04/2029;Fornecedor Gama;Perfumaria;Avaria
04/09/2026;283537;Item 801;53;100;5300;18/02/2030;Fornecedor Ômega;Psicotrópico;Avaria
09/09/2026;456480;Item 802;15;100;1500;30/11/2031;Fornecedor Gama;Psicotrópico;Avaria
19/09/2026;827912;Item 803;   ;50;;17/09/2029;Fornecedor Alfa;Correlatos;Avaria
28/09/2026;814703;Item 804;59;120;7080;26/02/2027;Fornecedor Delta;Perfumaria;Avaria
22/09/2026;170835;Item 805;49;25;;07/12/2030;Fornecedor Alfa;Correlatos;Avaria
01/09/2026;470248;Item 806;67;100;6700;06/12/2030;Fornecedor Beta;Medicamento;Avaria
03/09/2026;197527;Item 807;52;48;2496;09/02/2030;Fornecedor Alfa;Antibiótico;Avaria
09/09/2026;470711;Item 808;28;120;3360;10/01/2028;Fornecedor Alfa;Antibiótico;
28/09/2026;309365;Item 809;31;25;775;27/06/2028;Fornecedor Alfa;Medicamento;0
12/09/2026;975498;Item 810;32;   ;;16/11/2027;Fornecedor Ômega;Perfumaria;0
20/09/2026;808640;Item 811;85;60;5100;14/01/2027;Fornecedor Gama;Perfumaria;Avaria
16/09/2026;489227;Item 812;   ;48;;10/12/2031;Fornecedor Gama;Correlatos;Avaria
09/09/2026;291755;Item 813;98;100;9800;25/03/2029;Fornecedor Alfa;Psicotrópico;0
16/09/2026;156778;Item 814;68;50;3400;12/01/2030;Fornecedor Ômega;Psicotrópico;Avaria
15/09/2026;512842;Item 815;111;24;2664;04/09/2027;Fornecedor Gama;Antibiótico;Avaria
;822689;Item 816;2;6;12;07/03/2028;Fornecedor Delta;Psicotrópico;0
28/09/2026;441244;Item 817;47;120;5640;15/06/2028;Fornecedor Alfa;Psicotrópico;Avaria
20/09/2026;348658;Item 818;35;60;2100;03/12/2028;Fornecedor Beta;Medicamento;Avaria
23/09/2026;544536;Item 819;27;50;1350;21/03/2031;Fornecedor Beta;Correlatos;Avaria
19/09/2026;393212;Item 820;58;24;1392;26/09/2027;Fornecedor Gama;Alimentos;0
26/09/2026;953740;Item 821;13;30;390;27/04/2028;Fornecedor Gama;Antibiótico;Avaria
16/09/2026;305587;Item 822;19;24;456;09/07/2031;Fornecedor Ômega;Medicamento;Avaria
18/09/2026;623866;Item 823;18;100;1800;15/01/2031;Fornecedor Beta;Antibiótico;Avaria
02/09/2026;363165;Item 824;72;120;8640;26/03/2029;Fornecedor Ômega;Alimentos;0
16/09/2026;162952;Item 825;28;30;840;15/09/2031;Fornecedor Ômega;Antibiótico;Devolução parcial
12/09/2026;450912;Item 826;34;48;1632;21/02/2030;Fornecedor Gama;Correlatos;Avaria
12/09/2026;120798;Item 827;53;12;636;12/11/2031;Fornecedor Gama;Medicamento;Devolução parcial
06/09/2026;703869;Item 828;84;100;8400;18/05/2031;Fornecedor Beta;Correlatos;Avaria
25/09/2026;805893;Item 829;66;60;3960;17/02/2031;Fornecedor Delta;Perfumaria;Avaria
21/09/2026;743473;Item 830;37;60;2220;24/10/2027;Fornecedor Alfa;Alimentos;Avaria
19/09/2026;542306;Item 831;81;120;9720;08/04/2029;Fornecedor Ômega;Perfumaria;0
11/09/2026;460317;Item 832;30;48;1440;30/08/2030;Fornecedor Beta;Alimentos;Avaria
09/09/2026;734792;Item 833;83;50;4150;23/12/2031;Fornecedor Delta;Correlatos;Devolução parcial
14/09/2026;715429;Item 834;67;60;4020;09/12/2027;Fornecedor Alfa;Perfumaria;0
24/09/2026;863124;Item 835;31;30;;06/12/2030;Fornecedor Ômega;Medicamento;0
03/09/2026;516332;Item 836;14;12;168;05/12/2031;Fornecedor Delta;Psicotrópico;0
17/09/2026;127645;Item 837;99;50;4950;16/04/2031;Fornecedor Ômega;Perfumaria;Avaria
21/09/2026;748127;Item 838;20;12;240;19/12/2031;Fornecedor Delta;Correlatos;0
15/09/2026;359414;Item 839;95;30;2850;07/07/2030;Fornecedor Alfa;Medicamento;Devolução parcial
02/09/2026;979249;Item 840;22;6;132;20/09/2030;;Correlatos;Avaria
30/09/2026;589887;Item 841;112;100;11200;11/07/2028;Fornecedor Gama;Antibiótico;0
19/09/2026;831510;Item 842;70;24;1680;08/05/2030;Fornecedor Delta;Alimentos;Devolução parcial
14/09/2026;766738;Item 843;113;120;13560;08/12/2029;Fornecedor Gama;Correlatos;Avaria
26/09/2026;605048;Item 844;70;25;1750;03/07/2027;Fornecedor Delta;Correlatos;Avaria
10/09/2026;532227;Item 845;34;24;816;22/01/2027;Fornecedor Ômega;Psicotrópico;0
18/09/2026;460589;Item 846;37;60;2220;18/01/2027;Fornecedor Delta;Antibiótico;Avaria
26/09/2026;109576;Item 847;99;50;4950;22/08/2028;Fornecedor Gama;Medicamento;0
14/09/2026;674842;Item 848;48;25;1200;12/12/2031;Fornecedor Gama;Antibiótico;Avaria
27/09/2026;362035;Item 849;21;50;1050;13/02/2029;Fornecedor Alfa;Correlatos;0
17/09/2026;542750;Item 850;81;25;2025;15/04/2031;Fornecedor Gama;Alimentos;Devolução parcial
26/09/2026;385071;Item 851;37;100;3700;04/07/2028;Fornecedor Delta;   ;0
;291267;Item 852;   ;30;;28/07/2030;Fornecedor Delta;Psicotrópico;Avaria
16/09/2026;385353;Item 853;90;120;10800;20/01/2028;Fornecedor Beta;Perfumaria;0
06/09/2026;152042;Item 854;69;6;414;29/07/2027;Fornecedor Beta;Correlatos;0
08/09/2026;849937;Item 855;57;6;342;04/07/2027;Fornecedor Alfa;Perfumaria;Avaria
10/09/2026;327738;Item 856;44;50;2200;29/05/2031;Fornecedor Delta;Correlatos;Avaria
11/09/2026;830789;Item 857;102;6;612;14/06/2027;Fornecedor Alfa;Perfumaria;Avaria
18/09/2026;913331;Item 858;51;12;612;20/08/2029;Fornecedor Alfa;Medicamento;Avaria
04/09/2026;956949;Item 859;49;6;294;23/04/2031;Fornecedor Alfa;Antibiótico;Avaria
07/09/2026;359168;Item 860;95;6;570;01/08/2029;Fornecedor Ômega;Psicotrópico;Devolução parcial
22/09/2026;318572;Item 861;61;50;3050;01/10/2028;Fornecedor Beta;Medicamento;Devolução parcial
17/09/2026;863611;Item 862;6;100;600;08/09/2027;Fornecedor Beta;Antibiótico;Devolução parcial
29/09/2026;413328;Item 863;26;48;1248;17/04/2027;Fornecedor Alfa;Perfumaria;0
01/09/2026;763653;Item 864;56;48;2688;09/12/2027;Fornecedor Beta;Psicotrópico;0
01/09/2026;515035;Item 865;102;25;2550;28/03/2027;Fornecedor Gama;Alimentos;Avaria
12/09/2026;821846;Item 866;   ;24;;28/04/2031;Fornecedor Ômega;Medicamento;0
11/09/2026;624203;Item 867;12;120;1440;05/04/2031;Fornecedor Ômega;Perfumaria;Avaria
26/09/2026;775885;Item 868;20;100;2000;08/08/2027;Fornecedor Alfa;Antibiótico;0
26/09/2026;432125;Item 869;72;48;3456;17/06/2029;Fornecedor Alfa;Perfumaria;Devolução parcial
09/09/2026;496119;Item 870;46;24;1104;22/03/2027;Fornecedor Delta;Alimentos;Avaria
23/09/2026;;Item 871;   ;100;;30/09/2029;Fornecedor Alfa;Psicotrópico;0
24/09/2026;670027;Item 872;45;48;2160;17/08/2029;Fornecedor Beta;Psicotrópico;Devolução parcial
05/09/2026;268132;Item 873;9;100;900;;Fornecedor Beta;Correlatos;Devolução parcial
25/09/2026;484945;Item 874;59;6;354;30/07/2030;Fornecedor Gama;Antibiótico;Devolução parcial
20/09/2026;294546;Item 875;114;6;684;21/10/2031;Fornecedor Beta;Psicotrópico;0
22/09/2026;436272;Item 876;93;12;1116;08/01/2030;Fornecedor Delta;Medicamento;Devolução parcial
05/09/2026;816412;Item 877;64;100;6400;09/06/2030;Fornecedor Beta;Correlatos;Avaria
04/09/2026;772036;Item 878;42;12;504;07/12/2029;Fornecedor Ômega;Perfumaria;0
07/09/2026;287316;Item 879;112;6;672;08/08/2027;Fornecedor Delta;Medicamento;0
22/09/2026;133362;Item 880;74;50;3700;30/09/2029;Fornecedor Gama;Psicotrópico;Devolução parcial
12/09/2026;718975;Item 881;33;6;198;28/03/2028;Fornecedor Gama;Alimentos;0
21/09/2026;113721;Item 882;120;25;3000;03/10/2029;Fornecedor Ômega;Antibiótico;Devolução parcial
24/09/2026;163648;Item 883;47;100;4700;29/12/2031;Fornecedor Delta;Correlatos;Devolução parcial
09/09/2026;161132;Item 884;106;120;12720;19/12/2029;Fornecedor Ômega;Alimentos;0
07/09/2026;974991;Item 885;39;12;468;29/11/2029;Fornecedor Ômega;Perfumaria;Devolução parcial
07/09/2026;342239;Item 886;69;50;3450;31/01/2028;Fornecedor Gama;Alimentos;0
18/09/2026;697717;Item 887;81;24;1944;15/03/2031;Fornecedor Gama;Antibiótico;Devolução parcial
12/09/2026;210639;Item 888;99;120;11880;13/10/2030;Fornecedor Delta;Alimentos;Devolução parcial
06/09/2026;547820;Item 889;114;12;1368;11/06/2031;Fornecedor Alfa;Psicotrópico;
18/09/2026;629208;Item 890;44;24;1056;13/05/2030;Fornecedor Delta;Correlatos;Avaria
14/09/2026;676802;Item 891;   ;48;;15/04/2031;Fornecedor Delta;Alimentos;Avaria
18/09/2026;737967;Item 892;31;120;3720;14/03/2028;Fornecedor Delta;Psicotrópico;Devolução parcial
;366431;Item 893;47;60;2820;24/03/2029;Fornecedor Ômega;Alimentos;0
17/09/2026;398301;Item 894;77;6;462;04/10/2027;Fornecedor Beta;Perfumaria;Avaria
01/09/2026;332665;Item 895;28;   ;;30/04/2031;Fornecedor Beta;Psicotrópico;Devolução parcial
05/09/2026;683347;Item 896;   ;120;;13/07/2027;Fornecedor Ômega;Antibiótico;Avaria
12/09/2026;263690;Item 897;18;30;540;27/12/2031;Fornecedor Gama;Medicamento;0
03/09/2026;368691;Item 898;104;30;3120;14/03/2030;Fornecedor Delta;Psicotrópico;0
26/09/2026;869933;Item 899;10;48;480;15/09/2029;Fornecedor Alfa;Antibiótico;Devolução parcial
20/09/2026;836989;Item 900;74;12;888;08/08/2030;Fornecedor Beta;Perfumaria;Devolução parcial
03/09/2026;947607;Item 901;74;50;3700;17/05/2031;Fornecedor Ômega;Correlatos;Avaria
;956835;Item 902;56;50;2800;13/11/2031;Fornecedor Ômega;Medicamento;Devolução parcial
30/09/2026;784488;Item 903;109;120;13080;24/01/2027;Fornecedor Delta;Perfumaria;Avaria
;649855;Item 904;6;48;288;;Fornecedor Alfa;Correlatos;Devolução parcial
02/09/2026;;Item 905;29;24;696;11/10/2030;Fornecedor Delta;Antibiótico;Devolução parcial
08/09/2026;703198;Item 906;65;12;780;03/06/2029;Fornecedor Beta;Antibiótico;0
16/09/2026;238610;Item 907;44;12;528;16/03/2030;Fornecedor Ômega;Psicotrópico;Avaria
17/09/2026;375311;Item 908;11;50;550;08/06/2029;Fornecedor Alfa;Medicamento;Avaria
13/09/2026;686464;Item 909;26;60;1560;28/08/2030;Fornecedor Gama;Medicamento;Devolução parcial
08/09/2026;745919;Item 910;95;100;9500;11/05/2028;Fornecedor Ômega;Correlatos;Avaria
03/09/2026;439121;Item 911;88;120;;19/08/2027;Fornecedor Delta;Antibiótico;Avaria
12/09/2026;465227;Item 912;25;48;1200;01/05/2030;Fornecedor Ômega;Correlatos;0
20/09/2026;466704;Item 913;79;60;4740;26/10/2027;;Perfumaria;0
05/09/2026;309385;Item 914;88;48;4224;01/04/2031;Fornecedor Ômega;Perfumaria;Devolução parcial
30/09/2026;157187;Item 915;32;120;3840;30/10/2027;Fornecedor Beta;Perfumaria;Avaria
10/09/2026;827497;Item 916;103;12;1236;10/07/2029;Fornecedor Delta;Perfumaria;Avaria
07/09/2026;319162;Item 917;95;100;9500;22/02/2028;Fornecedor Gama;Psicotrópico;Avaria
;675458;Item 918;62;120;7440;17/10/2027;Fornecedor Ômega;Antibiótico;Devolução parcial
09/09/2026;795759;Item 919;68;6;408;15/12/2027;Fornecedor Ômega;Correlatos;0
09/09/2026;927524;Item 920;90;120;10800;19/04/2027;Fornecedor Delta;Alimentos;0
22/09/2026;169832;Item 921;50;30;1500;12/10/2031;Fornecedor Beta;Perfumaria;0
08/09/2026;406703;Item 922;112;50;5600;18/02/2029;Fornecedor Gama;Alimentos;0
18/09/2026;430779;Item 923;63;120;7560;30/06/2027;Fornecedor Alfa;Medicamento;Devolução parcial
02/09/2026;580233;Item 924;72;6;432;;Fornecedor Gama;Correlatos;Avaria
01/09/2026;613731;Item 925;51;24;1224;11/12/2028;Fornecedor Beta;Correlatos;Devolução parcial
09/09/2026;417012;Item 926;31;100;3100;21/07/2031;Fornecedor Ômega;Alimentos;Avaria
18/09/2026;505977;Item 927;114;6;684;27/07/2028;Fornecedor Alfa;Medicamento;Avaria
;511929;Item 928;85;24;;03/02/2031;Fornecedor Delta;Psicotrópico;Devolução parcial
14/09/2026;742198;Item 929;112;   ;;07/05/2028;Fornecedor Gama;Medicamento;Avaria
11/09/2026;427557;Item 930;117;120;14040;08/07/2029;Fornecedor Gama;Medicamento;0
18/09/2026;784167;Item 931;18;120;2160;01/11/2030;;Medicamento;Avaria
30/09/2026;821978;Item 932;91;100;9100;04/10/2027;Fornecedor Delta;Medicamento;Devolução parcial
11/09/2026;692282;Item 933;118;24;2832;19/05/2027;Fornecedor Gama;Psicotrópico;Devolução parcial
;224138;Item 934;24;   ;;07/12/2031;Fornecedor Alfa;Alimentos;0
14/09/2026;902616;Item 935;41;50;2050;13/09/2028;Fornecedor Delta;Alimentos;Devolução parcial
25/09/2026;874205;Item 936;36;24;864;20/01/2028;Fornecedor Ômega;Medicamento;0
20/09/2026;127470;Item 937;98;120;11760;30/06/2028;Fornecedor Gama;Psicotrópico;Devolução parcial
08/09/2026;342128;Item 938;77;25;1925;08/11/2030;Fornecedor Ômega;Correlatos;0
05/09/2026;821568;Item 939;100;60;6000;25/10/2029;Fornecedor Gama;Antibiótico;Devolução parcial
28/09/2026;781121;Item 940;48;24;1152;04/03/2029;Fornecedor Delta;Antibiótico;0
02/09/2026;271742;Item 941;   ;25;;16/04/2029;Fornecedor Ômega;Correlatos;Avaria
25/09/2026;333365;Item 942;96;25;2400;23/02/2028;Fornecedor Ômega;Medicamento;Avaria
28/09/2026;747033;Item 943;63;48;3024;26/07/2029;Fornecedor Alfa;Antibiótico;Avaria
24/09/2026;913920;Item 944;6;120;720;16/08/2031;Fornecedor Delta;Alimentos;Avaria
20/09/2026;513296;Item 945;79;120;9480;03/01/2030;Fornecedor Gama;Alimentos;Devolução parcial
04/09/2026;925145;Item 946;5;100;500;13/07/2029;Fornecedor Delta;Perfumaria;0
24/09/2026;643899;Item 947;69;50;3450;22/03/2027;Fornecedor Gama;Antibiótico;Devolução parcial
07/09/2026;902328;Item 948;81;6;486;19/08/2028;Fornecedor Delta;Antibiótico;Avaria
15/09/2026;911259;Item 949;106;30;3180;07/12/2027;Fornecedor Delta;Correlatos;Devolução parcial
29/09/2026;157196;Item 950;89;100;;19/10/2027;;Alimentos;Avaria
04/09/2026;194834;Item 951;93;100;9300;04/01/2028;;Alimentos;Devolução parcial
11/09/2026;241879;Item 952;51;50;2550;12/07/2029;Fornecedor Ômega;Medicamento;Avaria
29/09/2026;718990;Item 953;115;25;2875;20/07/2029;Fornecedor Ômega;Correlatos;Avaria
23/09/2026;825318;Item 954;   ;24;;10/02/2031;Fornecedor Ômega;Perfumaria;0
03/09/2026;840532;Item 955;58;48;2784;08/12/2029;Fornecedor Delta;Alimentos;Devolução parcial
18/09/2026;741804;Item 956;21;50;1050;18/02/2029;Fornecedor Ômega;Medicamento;Avaria
06/09/2026;692960;Item 957;112;24;2688;15/11/2031;Fornecedor Alfa;Medicamento;Devolução parcial
10/09/2026;153802;Item 958;54;30;1620;04/02/2031;Fornecedor Delta;Correlatos;Devolução parcial
07/09/2026;289473;Item 959;16;24;384;08/01/2027;Fornecedor Gama;Correlatos;0
18/09/2026;;Item 960;64;60;;12/07/2031;Fornecedor Ômega;Psicotrópico;Avaria
22/09/2026;349433;Item 961;28;120;3360;01/09/2029;Fornecedor Delta;Antibiótico;Avaria
01/09/2026;183262;Item 962;77;120;9240;16/05/2028;Fornecedor Gama;Correlatos;Devolução parcial
02/09/2026;759172;Item 963;72;25;1800;14/01/2028;Fornecedor Alfa;Perfumaria;Devolução parcial
28/09/2026;465973;Item 964;5;24;120;08/03/2027;Fornecedor Gama;Psicotrópico;Avaria
02/09/2026;447195;Item 965;118;12;1416;12/08/2027;Fornecedor Delta;Medicamento;0
22/09/2026;804737;Item 966;37;120;4440;17/11/2030;Fornecedor Gama;Psicotrópico;Devolução parcial
12/09/2026;286037;Item 967;59;120;7080;15/03/2027;Fornecedor Ômega;Correlatos;Avaria
27/09/2026;486473;Item 968;115;50;5750;19/05/2027;Fornecedor Delta;Psicotrópico;0
04/09/2026;407057;Item 969;61;24;1464;23/11/2030;Fornecedor Beta;Correlatos;Devolução parcial
23/09/2026;533856;Item 970;   ;25;;04/03/2028;Fornecedor Gama;Perfumaria;0
03/09/2026;699121;Item 971;94;100;9400;17/09/2029;Fornecedor Gama;Alimentos;Avaria
09/09/2026;547798;Item 972;78;48;3744;12/12/2029;Fornecedor Gama;Psicotrópico;Avaria
16/09/2026;236014;Item 973;79;120;9480;30/11/2029;;Antibiótico;0
07/09/2026;739008;Item 974;30;30;900;04/01/2027;Fornecedor Ômega;Perfumaria;Avaria
24/09/2026;755843;Item 975;102;12;1224;03/10/2031;Fornecedor Alfa;Psicotrópico;Avaria
12/09/2026;534153;Item 976;6;48;288;21/02/2030;Fornecedor Alfa;Perfumaria;Devolução parcial
09/09/2026;310960;Item 977;89;30;;07/06/2031;Fornecedor Ômega;Correlatos;
25/09/2026;631302;Item 978;71;48;3408;13/01/2027;Fornecedor Ômega;Alimentos;Avaria
20/09/2026;457943;Item 979;51;120;6120;01/03/2027;Fornecedor Alfa;Medicamento;Avaria
30/09/2026;974329;Item 980;44;60;2640;29/08/2029;Fornecedor Ômega;Alimentos;0
29/09/2026;604884;Item 981;20;60;1200;;Fornecedor Gama;Correlatos;Avaria
;922072;Item 982;105;50;5250;;Fornecedor Ômega;Psicotrópico;Avaria
18/09/2026;692385;Item 983;93;48;4464;02/01/2030;Fornecedor Ômega;Medicamento;Devolução parcial
03/09/2026;818791;Item 984;43;48;2064;02/11/2027;Fornecedor Beta;Perfumaria;Avaria
27/09/2026;493468;Item 985;81;100;8100;06/12/2027;Fornecedor Gama;Psicotrópico;Avaria
28/09/2026;296481;Item 986;77;12;924;22/05/2031;Fornecedor Beta;Alimentos;Avaria
14/09/2026;844321;Item 987;5;30;150;;Fornecedor Delta;Medicamento;Avaria
07/09/2026;573858;Item 988;107;30;3210;11/12/2029;Fornecedor Beta;Medicamento;0
25/09/2026;492393;Item 989;101;6;;18/02/2028;Fornecedor Ômega;Antibiótico;Devolução parcial
29/09/2026;126146;Item 990;103;60;6180;21/10/2029;Fornecedor Alfa;Medicamento;Avaria
10/09/2026;606957;Item 991;94;100;9400;08/05/2031;Fornecedor Beta;Medicamento;0
07/09/2026;962074;Item 992;   ;24;;23/01/2031;Fornecedor Ômega;Antibiótico;Avaria
04/09/2026;848344;Item 993;111;   ;;09/01/2027;Fornecedor Beta;Perfumaria;Devolução parcial
11/09/2026;989322;Item 994;77;12;924;14/08/2029;Fornecedor Ômega;Perfumaria;Devolução parcial
01/09/2026;903398;Item 995;85;30;2550;28/03/2030;Fornecedor Beta;Alimentos;0
10/09/2026;436467;Item 996;26;25;650;20/07/2028;Fornecedor Gama;Correlatos;Avaria
05/09/2026;803724;Item 997;16;30;480;19/11/2027;Fornecedor Beta;Perfumaria;0
04/09/2026;753205;Item 998;72;100;7200;28/02/2028;Fornecedor Gama;Correlatos;Devolução parcial
23/09/2026;433955;Item 999;35;24;840;05/07/2031;Fornecedor Beta;Psicotrópico;0
20/09/2026;279594;Item 1000;10;30;300;24/11/2028;;Antibiótico;0
29/09/2026;236392;Item 1001;4;60;240;15/10/2030;Fornecedor Ômega;Perfumaria;Avaria
13/09/2026;156413;Item 1002;12;50;600;02/01/2028;Fornecedor Gama;Psicotrópico;Devolução parcial
20/09/2026;976792;Item 1003;89;60;5340;29/12/2028;Fornecedor Beta;Correlatos;0
03/09/2026;847528;Item 1004;98;100;9800;28/03/2031;Fornecedor Delta;Psicotrópico;0
04/09/2026;197429;Item 1005;105;60;6300;22/07/2029;Fornecedor Beta;Alimentos;Devolução parcial
16/09/2026;844715;Item 1006;99;60;5940;;Fornecedor Alfa;Medicamento;Devolução parcial
13/09/2026;370587;Item 1007;117;48;5616;11/01/2028;Fornecedor Beta;Correlatos;Avaria
16/09/2026;611187;Item 1008;4;12;48;20/08/2027;Fornecedor Beta;Antibiótico;Avaria
25/09/2026;986850;Item 1009;22;30;660;14/12/2028;Fornecedor Gama;Psicotrópico;0
27/09/2026;632623;Item 1010;14;50;700;02/01/2031;Fornecedor Ômega;Correlatos;Devolução parcial
18/09/2026;780999;Item 1011;10;30;300;02/08/2029;Fornecedor Delta;Psicotrópico;Avaria
18/09/2026;350164;Item 1012;80;25;2000;22/11/2027;Fornecedor Delta;Antibiótico;0
14/09/2026;457264;Item 1013;27;120;3240;26/05/2031;Fornecedor Delta;Psicotrópico;Avaria
06/09/2026;670977;Item 1014;89;25;2225;19/09/2030;Fornecedor Ômega;Alimentos;Devolução parcial
04/09/2026;702080;Item 1015;108;60;6480;27/04/2030;Fornecedor Gama;Antibiótico;Avaria
06/09/2026;682051;Item 1016;13;60;780;22/09/2028;Fornecedor Delta;Perfumaria;Devolução parcial
25/09/2026;214027;Item 1017;88;120;10560;07/08/2031;Fornecedor Delta;Correlatos;
03/09/2026;776320;Item 1018;85;6;510;21/03/2028;Fornecedor Alfa;Psicotrópico;Devolução parcial
22/09/2026;949178;Item 1019;1;24;24;02/11/2027;Fornecedor Delta;Psicotrópico;Avaria
15/09/2026;508926;Item 1020;79;120;9480;05/02/2028;Fornecedor Alfa;Alimentos;Avaria
30/09/2026;414295;Item 1021;73;30;2190;09/06/2029;Fornecedor Beta;Perfumaria;Devolução parcial
13/09/2026;108513;Item 1022;79;100;7900;02/10/2031;Fornecedor Alfa;Correlatos;0
02/09/2026;487158;Item 1023;116;100;11600;02/01/2027;Fornecedor Gama;Correlatos;0
08/09/2026;395917;Item 1024;111;6;666;03/06/2029;Fornecedor Gama;Antibiótico;Devolução parcial
13/09/2026;433580;Item 1025;92;50;4600;20/02/2029;Fornecedor Delta;Psicotrópico;0
05/09/2026;794668;Item 1026;23;60;1380;21/01/2028;Fornecedor Gama;Antibiótico;Avaria
10/09/2026;980764;Item 1027;54;24;1296;23/11/2031;Fornecedor Alfa;Medicamento;0
05/09/2026;175231;Item 1028;83;   ;;17/01/2031;Fornecedor Delta;Alimentos;Avaria
21/09/2026;242371;Item 1029;11;24;264;09/07/2031;;Antibiótico;Devolução parcial
20/09/2026;733790;Item 1030;120;50;6000;04/01/2028;Fornecedor Delta;Psicotrópico;Avaria
13/09/2026;678866;Item 1031;105;60;6300;28/12/2028;Fornecedor Alfa;Medicamento;Avaria
16/09/2026;733941;Item 1032;1;120;120;01/10/2031;Fornecedor Alfa;Alimentos;Devolução parcial
19/09/2026;382329;Item 1033;53;100;5300;21/01/2029;Fornecedor Ômega;Perfumaria;Devolução parcial
04/09/2026;606743;Item 1034;91;48;4368;03/04/2030;;Alimentos;0
28/09/2026;248989;Item 1035;94;100;9400;18/03/2031;Fornecedor Beta;Antibiótico;Devolução parcial
03/09/2026;182034;Item 1036;67;120;8040;17/05/2028;Fornecedor Delta;Alimentos;Devolução parcial
22/09/2026;795978;Item 1037;86;12;1032;;Fornecedor Gama;Psicotrópico;Avaria
18/09/2026;742818;Item 1038;7;48;336;14/05/2031;Fornecedor Ômega;Antibiótico;Avaria
19/09/2026;637566;Item 1039;116;60;6960;11/02/2031;Fornecedor Beta;Antibiótico;Avaria
06/09/2026;936997;Item 1040;38;30;1140;14/03/2027;Fornecedor Gama;Alimentos;Avaria
09/09/2026;862285;Item 1041;101;120;12120;06/05/2027;Fornecedor Delta;Psicotrópico;0
26/09/2026;700687;Item 1042;7;30;210;19/02/2031;Fornecedor Gama;Perfumaria;Avaria
17/09/2026;608307;Item 1043;11;24;264;07/06/2027;Fornecedor Beta;Correlatos;0
28/09/2026;745710;Item 1044;36;30;1080;10/06/2028;Fornecedor Ômega;Alimentos;0
24/09/2026;733152;Item 1045;23;120;2760;06/11/2027;Fornecedor Delta;Correlatos;0
16/09/2026;373943;Item 1046;101;25;2525;06/01/2028;Fornecedor Gama;Perfumaria;Avaria
30/09/2026;188501;Item 1047;19;120;2280;10/08/2031;Fornecedor Alfa;Antibiótico;Avaria
22/09/2026;907789;Item 1048;50;25;1250;20/06/2029;Fornecedor Alfa;Medicamento;Devolução parcial
02/09/2026;870033;Item 1049;108;48;5184;08/08/2030;Fornecedor Beta;Perfumaria;0
16/09/2026;275741;Item 1050;60;50;3000;09/09/2028;Fornecedor Delta;Alimentos;Devolução parcial
16/09/2026;345011;Item 1051;49;50;2450;21/06/2028;Fornecedor Alfa;Psicotrópico;Avaria
13/09/2026;112439;Item 1052;37;60;2220;21/10/2030;Fornecedor Beta;Psicotrópico;Devolução parcial
;143010;Item 1053;13;100;1300;25/12/2028;Fornecedor Delta;Psicotrópico;Devolução parcial
09/09/2026;385831;Item 1054;43;30;1290;02/07/2031;Fornecedor Ômega;Correlatos;Devolução parcial
25/09/2026;712553;Item 1055;51;60;3060;14/10/2030;Fornecedor Alfa;Alimentos;Devolução parcial
17/09/2026;717322;Item 1056;99;25;2475;22/11/2028;Fornecedor Alfa;Correlatos;Devolução parcial
27/09/2026;111091;Item 1057;87;6;522;20/05/2027;Fornecedor Ômega;Antibiótico;0
12/09/2026;650779;Item 1058;   ;60;;25/03/2028;Fornecedor Beta;Correlatos;0
03/09/2026;135695;Item 1059;4;120;480;27/04/2027;Fornecedor Gama;Alimentos;0
23/09/2026;;Item 1060;82;12;984;03/09/2027;Fornecedor Ômega;Psicotrópico;0
26/09/2026;494220;Item 1061;85;120;10200;14/01/2028;Fornecedor Ômega;Alimentos;0
22/09/2026;365641;Item 1062;38;60;2280;05/06/2027;Fornecedor Delta;Correlatos;Avaria
09/09/2026;825846;Item 1063;116;48;5568;28/11/2027;Fornecedor Ômega;Correlatos;0
02/09/2026;501393;Item 1064;50;48;2400;12/06/2028;Fornecedor Beta;Medicamento;Avaria
20/09/2026;172769;Item 1065;63;25;1575;15/03/2029;Fornecedor Alfa;Alimentos;Avaria
25/09/2026;213697;Item 1066;19;100;1900;02/06/2029;Fornecedor Alfa;Psicotrópico;Devolução parcial
23/09/2026;211410;Item 1067;117;60;7020;14/06/2028;Fornecedor Ômega;Perfumaria;0
25/09/2026;173832;Item 1068;74;30;2220;02/07/2029;Fornecedor Ômega;Antibiótico;0
30/09/2026;784578;Item 1069;82;6;492;19/03/2027;Fornecedor Delta;Correlatos;0
19/09/2026;834061;Item 1070;43;50;2150;08/01/2027;Fornecedor Gama;Alimentos;Avaria
28/09/2026;601365;Item 1071;56;50;2800;30/01/2031;Fornecedor Ômega;Psicotrópico;0
04/09/2026;103468;Item 1072;50;60;3000;07/03/2030;Fornecedor Gama;Correlatos;Avaria
02/09/2026;814956;Item 1073;39;50;1950;18/07/2030;Fornecedor Ômega;Correlatos;Devolução parcial
27/09/2026;994794;Item 1074;44;12;528;30/07/2029;;Alimentos;0
13/09/2026;285197;Item 1075;71;6;426;15/09/2030;Fornecedor Alfa;Correlatos;
21/09/2026;509054;Item 1076;115;   ;;;Fornecedor Beta;Antibiótico;
05/09/2026;763529;Item 1077;   ;25;;15/03/2027;Fornecedor Alfa;Perfumaria;Devolução parcial
13/09/2026;721748;Item 1078;31;   ;;10/05/2027;Fornecedor Gama;Alimentos;Avaria
01/09/2026;623956;Item 1079;69;60;4140;17/03/2027;Fornecedor Beta;Perfumaria;Avaria
13/09/2026;926045;Item 1080;93;6;558;31/08/2027;Fornecedor Alfa;Alimentos;Devolução parcial
05/09/2026;648530;Item 1081;59;100;5900;26/02/2031;Fornecedor Gama;Medicamento;0
16/09/2026;138669;Item 1082;95;24;2280;01/09/2030;Fornecedor Ômega;Antibiótico;Devolução parcial
01/09/2026;148026;Item 1083;32;24;768;19/12/2027;Fornecedor Ômega;Correlatos;0
27/09/2026;578344;Item 1084;79;24;1896;25/04/2030;Fornecedor Ômega;Perfumaria;0
08/09/2026;621292;Item 1085;77;120;;10/05/2027;Fornecedor Alfa;Antibiótico;Avaria
11/09/2026;950941;Item 1086;107;50;5350;05/09/2027;Fornecedor Gama;Psicotrópico;0
25/09/2026;437211;Item 1087;108;25;2700;04/04/2027;Fornecedor Gama;Medicamento;Avaria
05/09/2026;166292;Item 1088;16;30;480;01/04/2031;Fornecedor Delta;Medicamento;Devolução parcial
15/09/2026;487896;Item 1089;71;24;1704;13/05/2028;Fornecedor Gama;Perfumaria;0
13/09/2026;204823;Item 1090;102;120;12240;12/05/2031;Fornecedor Alfa;Perfumaria;Avaria
06/09/2026;184643;Item 1091;1;6;6;02/07/2027;Fornecedor Gama;Correlatos;Avaria
23/09/2026;827191;Item 1092;104;60;6240;17/09/2027;Fornecedor Alfa;Medicamento;Devolução parcial
14/09/2026;384111;Item 1093;67;   ;;04/05/2028;Fornecedor Alfa;Psicotrópico;Devolução parcial
23/09/2026;139448;Item 1094;77;24;1848;20/10/2029;Fornecedor Gama;Perfumaria;Devolução parcial
12/09/2026;966630;Item 1095;101;30;3030;07/05/2029;Fornecedor Ômega;Psicotrópico;0
04/09/2026;301224;Item 1096;16;100;1600;21/06/2030;Fornecedor Beta;Psicotrópico;Devolução parcial
09/09/2026;329927;Item 1097;60;25;1500;19/04/2027;Fornecedor Alfa;Perfumaria;0
16/09/2026;818530;Item 1098;109;60;6540;28/12/2027;Fornecedor Alfa;Alimentos;0
10/09/2026;156652;Item 1099;83;48;3984;05/03/2028;Fornecedor Delta;Correlatos;Avaria
02/09/2026;746781;Item 1100;104;60;6240;02/08/2027;Fornecedor Ômega;Psicotrópico;0
16/09/2026;265722;Item 1101;101;6;606;20/11/2029;Fornecedor Ômega;Perfumaria;0
19/09/2026;856445;Item 1102;57;120;6840;29/10/2028;Fornecedor Delta;Medicamento;Devolução parcial
08/09/2026;809731;Item 1103;115;48;5520;15/05/2031;Fornecedor Ômega;Correlatos;0
28/09/2026;202827;Item 1104;31;50;1550;14/02/2028;Fornecedor Delta;Medicamento;0
02/09/2026;593869;Item 1105;75;60;4500;29/12/2031;Fornecedor Delta;Medicamento;0
13/09/2026;739037;Item 1106;59;24;1416;03/02/2029;Fornecedor Alfa;Antibiótico;Devolução parcial
09/09/2026;303586;Item 1107;81;48;3888;19/02/2028;Fornecedor Beta;Medicamento;0
09/09/2026;825835;Item 1108;73;6;438;07/10/2027;Fornecedor Ômega;Antibiótico;Avaria
08/09/2026;538539;Item 1109;22;48;;21/12/2031;Fornecedor Beta;Psicotrópico;0
29/09/2026;927899;Item 1110;102;120;12240;15/12/2027;Fornecedor Gama;Psicotrópico;0
16/09/2026;190674;Item 1111;53;100;5300;01/11/2031;Fornecedor Alfa;Psicotrópico;Avaria
01/09/2026;977646;Item 1112;60;30;1800;04/02/2031;Fornecedor Delta;Alimentos;0
19/09/2026;359870;Item 1113;42;50;2100;31/03/2028;Fornecedor Gama;Medicamento;Devolução parcial
02/09/2026;105324;Item 1114;54;6;324;21/08/2029;Fornecedor Gama;Perfumaria;Avaria
26/09/2026;656921;Item 1115;51;60;3060;23/06/2031;Fornecedor Ômega;Antibiótico;Avaria
;352194;Item 1116;11;100;1100;26/01/2027;Fornecedor Delta;Medicamento;0
21/09/2026;475815;Item 1117;38;25;950;05/07/2027;Fornecedor Ômega;Antibiótico;Devolução parcial
28/09/2026;419644;Item 1118;21;60;1260;14/03/2030;Fornecedor Gama;Perfumaria;Avaria
28/09/2026;586288;Item 1119;99;24;2376;11/12/2030;Fornecedor Delta;Medicamento;Avaria
28/09/2026;757258;Item 1120;60;   ;;08/07/2030;Fornecedor Ômega;Antibiótico;Devolução parcial
10/09/2026;449077;Item 1121;68;6;408;22/05/2029;Fornecedor Beta;Alimentos;Devolução parcial
26/09/2026;668784;Item 1122;74;25;1850;03/11/2030;Fornecedor Ômega;Psicotrópico;Avaria
17/09/2026;871501;Item 1123;120;6;720;13/10/2030;Fornecedor Beta;Perfumaria;0
20/09/2026;501557;Item 1124;47;60;2820;25/03/2027;Fornecedor Beta;Correlatos;0
18/09/2026;779658;Item 1125;72;12;864;23/12/2030;Fornecedor Alfa;Medicamento;Avaria
21/09/2026;350224;Item 1126;70;12;840;06/09/2029;;Alimentos;0
11/09/2026;889759;Item 1127;96;25;2400;23/12/2028;Fornecedor Beta;Psicotrópico;Devolução parcial
03/09/2026;543473;Item 1128;36;6;216;02/02/2029;Fornecedor Beta;Antibiótico;Avaria
16/09/2026;625808;Item 1129;68;12;816;24/12/2030;Fornecedor Gama;Alimentos;Devolução parcial
12/09/2026;;Item 1130;58;120;6960;27/06/2031;Fornecedor Ômega;Medicamento;Avaria
29/09/2026;191549;Item 1131;11;50;550;02/01/2028;Fornecedor Beta;Perfumaria;0
23/09/2026;272769;Item 1132;36;12;432;;Fornecedor Delta;Medicamento;0
10/09/2026;645980;Item 1133;81;   ;;03/05/2029;Fornecedor Gama;Medicamento;Avaria
24/09/2026;463541;Item 1134;54;60;3240;13/08/2030;Fornecedor Ômega;Correlatos;0
27/09/2026;166007;Item 1135;3;25;75;30/11/2029;Fornecedor Beta;Antibiótico;Devolução parcial
16/09/2026;459443;Item 1136;84;48;4032;30/04/2030;Fornecedor Gama;Psicotrópico;
05/09/2026;580255;Item 1137;39;120;4680;05/06/2031;Fornecedor Beta;Medicamento;Avaria
10/09/2026;337798;Item 1138;62;48;2976;26/04/2031;Fornecedor Ômega;Medicamento;Avaria
20/09/2026;398196;Item 1139;59;24;1416;26/11/2027;Fornecedor Gama;Correlatos;0
06/09/2026;283877;Item 1140;108;   ;;02/05/2028;Fornecedor Ômega;Perfumaria;Avaria
09/09/2026;702433;Item 1141;17;60;;27/01/2029;Fornecedor Alfa;Medicamento;Devolução parcial
12/09/2026;841484;Item 1142;5;48;240;30/10/2027;Fornecedor Beta;Antibiótico;Devolução parcial
04/09/2026;270495;Item 1143;69;30;2070;21/02/2027;Fornecedor Delta;Antibiótico;0
05/09/2026;580290;Item 1144;119;48;5712;09/01/2027;;Psicotrópico;Avaria
16/09/2026;778684;Item 1145;91;30;2730;16/08/2028;Fornecedor Gama;Alimentos;0
11/09/2026;938416;Item 1146;73;60;4380;12/11/2030;Fornecedor Ômega;Alimentos;Avaria
04/09/2026;142027;Item 1147;   ;100;;22/09/2028;Fornecedor Ômega;Antibiótico;Devolução parcial
12/09/2026;981723;Item 1148;29;60;1740;09/07/2027;Fornecedor Beta;Perfumaria;Devolução parcial
17/09/2026;772465;Item 1149;25;   ;;30/03/2028;Fornecedor Beta;Medicamento;0
22/09/2026;187649;Item 1150;69;60;4140;07/10/2030;Fornecedor Ômega;Psicotrópico;Avaria
20/09/2026;303895;Item 1151;63;48;3024;24/05/2030;Fornecedor Gama;Perfumaria;Devolução parcial
23/09/2026;478603;Item 1152;51;24;1224;15/10/2031;Fornecedor Delta;Correlatos;Avaria
12/09/2026;490941;Item 1153;2;30;60;20/12/2028;Fornecedor Beta;Antibiótico;Devolução parcial
24/09/2026;191853;Item 1154;28;60;1680;01/05/2029;Fornecedor Delta;Correlatos;0
24/09/2026;944809;Item 1155;94;50;4700;28/04/2029;Fornecedor Alfa;Psicotrópico;Devolução parcial
10/09/2026;190259;Item 1156;19;25;475;;Fornecedor Gama;Correlatos;0
03/09/2026;719371;Item 1157;97;50;4850;14/01/2027;Fornecedor Delta;Alimentos;Avaria
15/09/2026;534649;Item 1158;23;100;2300;25/12/2030;Fornecedor Gama;Medicamento;0
10/09/2026;295041;Item 1159;107;50;5350;08/02/2030;Fornecedor Delta;Perfumaria;Avaria
16/09/2026;975126;Item 1160;75;30;2250;19/02/2030;Fornecedor Delta;Medicamento;0
09/09/2026;929653;Item 1161;1;24;24;06/09/2028;Fornecedor Delta;Perfumaria;Devolução parcial
14/09/2026;798260;Item 1162;115;30;3450;03/01/2028;Fornecedor Delta;Alimentos;Devolução parcial
25/09/2026;356639;Item 1163;4;12;48;21/07/2028;Fornecedor Delta;Perfumaria;Devolução parcial
16/09/2026;881782;Item 1164;47;120;5640;04/03/2030;Fornecedor Delta;Correlatos;Devolução parcial
12/09/2026;819231;Item 1165;61;12;732;15/11/2029;Fornecedor Gama;Perfumaria;Avaria
05/09/2026;270757;Item 1166;75;6;450;16/10/2028;Fornecedor Delta;Alimentos;0
09/09/2026;474745;Item 1167;21;6;126;09/01/2029;Fornecedor Delta;Alimentos;Avaria
17/09/2026;151081;Item 1168;38;30;1140;01/08/2030;Fornecedor Ômega;Psicotrópico;0
25/09/2026;903673;Item 1169;81;24;1944;13/07/2027;Fornecedor Gama;Medicamento;Devolução parcial
27/09/2026;438277;Item 1170;112;   ;;27/09/2031;Fornecedor Beta;Correlatos;Devolução parcial
04/09/2026;831871;Item 1171;89;48;4272;30/12/2029;Fornecedor Gama;Correlatos;0
10/09/2026;113524;Item 1172;18;100;1800;02/02/2029;Fornecedor Delta;Antibiótico;Avaria
05/09/2026;270948;Item 1173;14;25;350;27/10/2029;Fornecedor Alfa;Medicamento;Devolução parcial
28/09/2026;743226;Item 1174;89;100;8900;25/12/2029;Fornecedor Gama;Alimentos;0
04/09/2026;537619;Item 1175;59;12;708;04/08/2031;Fornecedor Alfa;Perfumaria;Avaria
05/09/2026;465124;Item 1176;40;48;1920;01/08/2031;Fornecedor Delta;Psicotrópico;Devolução parcial
23/09/2026;900681;Item 1177;44;24;1056;15/09/2028;Fornecedor Ômega;Alimentos;0
23/09/2026;333159;Item 1178;17;24;408;09/04/2028;Fornecedor Beta;Medicamento;0
23/09/2026;236543;Item 1179;11;50;;12/04/2031;Fornecedor Ômega;Perfumaria;0
02/09/2026;912323;Item 1180;62;50;3100;07/02/2028;Fornecedor Ômega;Perfumaria;Devolução parcial
16/09/2026;638421;Item 1181;76;6;;01/09/2027;;Perfumaria;0
25/09/2026;416298;Item 1182;86;6;516;17/07/2027;Fornecedor Ômega;Psicotrópico;0
06/09/2026;716146;Item 1183;116;25;2900;05/10/2030;Fornecedor Beta;Perfumaria;0
19/09/2026;252627;Item 1184;109;30;3270;13/12/2028;Fornecedor Beta;Medicamento;Devolução parcial
08/09/2026;918730;Item 1185;94;120;11280;31/10/2029;Fornecedor Gama;Perfumaria;0
17/09/2026;959398;Item 1186;75;6;450;20/03/2028;Fornecedor Alfa;Correlatos;0
24/09/2026;890645;Item 1187;69;6;414;22/07/2027;Fornecedor Alfa;Psicotrópico;Devolução parcial
06/09/2026;597775;Item 1188;47;120;5640;19/06/2029;Fornecedor Ômega;Medicamento;Avaria
17/09/2026;498055;Item 1189;55;25;1375;11/04/2028;Fornecedor Delta;Perfumaria;Avaria
17/09/2026;229620;Item 1190;60;   ;;06/10/2027;Fornecedor Delta;Correlatos;Devolução parcial
03/09/2026;402274;Item 1191;72;6;432;02/11/2028;Fornecedor Delta;Perfumaria;Avaria
24/09/2026;397388;Item 1192;59;120;7080;30/09/2028;Fornecedor Delta;Medicamento;Devolução parcial
07/09/2026;527066;Item 1193;38;50;1900;21/10/2031;Fornecedor Ômega;Antibiótico;Devolução parcial
22/09/2026;485290;Item 1194;23;6;138;03/10/2029;Fornecedor Ômega;Antibiótico;Avaria
04/09/2026;648051;Item 1195;85;12;1020;21/10/2027;Fornecedor Delta;Antibiótico;Devolução parcial
03/09/2026;719244;Item 1196;14;24;336;14/01/2029;Fornecedor Alfa;Correlatos;0
04/09/2026;723861;Item 1197;109;50;5450;21/04/2028;Fornecedor Delta;Alimentos;Avaria
19/09/2026;392047;Item 1198;98;120;11760;13/07/2028;Fornecedor Delta;Correlatos;Avaria
16/09/2026;799061;Item 1199;78;50;3900;13/11/2029;Fornecedor Beta;Medicamento;Avaria
16/09/2026;213284;Item 1200;16;30;480;15/10/2029;Fornecedor Alfa;Alimentos;0
27/09/2026;131167;Item 1201;13;6;78;20/05/2027;Fornecedor Delta;Alimentos;0
22/09/2026;287795;Item 1202;49;120;5880;31/10/2028;Fornecedor Alfa;Correlatos;Devolução parcial
22/09/2026;753506;Item 1203;13;12;156;20/03/2031;Fornecedor Gama;Antibiótico;Avaria
16/09/2026;311740;Item 1204;38;   ;;30/10/2029;Fornecedor Beta;Psicotrópico;Avaria
18/09/2026;948802;Item 1205;111;100;11100;06/02/2027;Fornecedor Ômega;Antibiótico;0
28/09/2026;502265;Item 1206;58;48;2784;09/02/2029;Fornecedor Delta;Antibiótico;0
22/09/2026;134455;Item 1207;23;100;2300;29/10/2031;Fornecedor Beta;Alimentos;0
10/09/2026;615353;Item 1208;56;24;1344;05/01/2031;Fornecedor Delta;Antibiótico;0
22/09/2026;696487;Item 1209;87;60;5220;08/02/2030;Fornecedor Gama;Psicotrópico;Avaria
17/09/2026;599028;Item 1210;72;24;1728;25/04/2027;Fornecedor Delta;Correlatos;Avaria
22/09/2026;719755;Item 1211;49;   ;;23/12/2028;;Correlatos;0
05/09/2026;129514;Item 1212;76;6;456;11/09/2031;Fornecedor Beta;Correlatos;Devolução parcial
13/09/2026;712333;Item 1213;4;48;192;19/07/2027;Fornecedor Delta;Correlatos;Avaria
22/09/2026;531939;Item 1214;45;6;270;15/05/2028;Fornecedor Alfa;Medicamento;Devolução parcial
30/09/2026;427260;Item 1215;76;12;912;10/11/2030;Fornecedor Ômega;Correlatos;0
18/09/2026;;Item 1216;22;6;132;29/10/2028;Fornecedor Ômega;Antibiótico;Devolução parcial
29/09/2026;542995;Item 1217;73;100;7300;12/05/2029;Fornecedor Beta;Perfumaria;Devolução parcial
11/09/2026;592516;Item 1218;76;6;456;12/02/2029;Fornecedor Gama;Antibiótico;Avaria
04/09/2026;700350;Item 1219;13;60;780;15/11/2030;Fornecedor Alfa;Correlatos;Avaria
06/09/2026;627191;Item 1220;104;48;4992;13/06/2030;Fornecedor Beta;Correlatos;Avaria
27/09/2026;311559;Item 1221;   ;12;;08/10/2031;Fornecedor Gama;Medicamento;Avaria
19/09/2026;378035;Item 1222;7;30;210;03/04/2029;Fornecedor Alfa;Psicotrópico;Devolução parcial
04/09/2026;196424;Item 1223;92;120;11040;27/04/2030;Fornecedor Beta;Correlatos;0
16/09/2026;693943;Item 1224;103;100;10300;24/05/2029;Fornecedor Alfa;Correlatos;0
17/09/2026;783185;Item 1225;106;30;3180;05/07/2031;Fornecedor Beta;Antibiótico;Devolução parcial
14/09/2026;666176;Item 1226;41;25;1025;03/04/2029;Fornecedor Beta;Psicotrópico;Devolução parcial
06/09/2026;575244;Item 1227;86;100;8600;10/12/2031;Fornecedor Ômega;Alimentos;Devolução parcial
19/09/2026;;Item 1228;111;24;2664;19/10/2029;Fornecedor Alfa;Alimentos;Devolução parcial
26/09/2026;589994;Item 1229;35;100;3500;12/06/2030;Fornecedor Delta;Psicotrópico;Devolução parcial
07/09/2026;757203;Item 1230;8;100;800;16/01/2029;Fornecedor Delta;Medicamento;0
28/09/2026;257782;Item 1231;96;30;2880;10/06/2029;Fornecedor Delta;Correlatos;0
09/09/2026;764721;Item 1232;27;50;1350;14/08/2031;Fornecedor Beta;Alimentos;0
08/09/2026;368903;Item 1233;   ;120;;11/04/2029;Fornecedor Alfa;Perfumaria;0
26/09/2026;301238;Item 1234;4;25;100;22/08/2031;Fornecedor Beta;Antibiótico;Avaria
21/09/2026;687019;Item 1235;56;50;2800;17/03/2027;Fornecedor Alfa;Medicamento;Avaria
26/09/2026;243057;Item 1236;4;30;120;04/07/2031;;Alimentos;Devolução parcial
24/09/2026;284533;Item 1237;83;6;498;22/09/2029;Fornecedor Ômega;Perfumaria;0
28/09/2026;429153;Item 1238;78;30;2340;11/05/2027;Fornecedor Delta;Correlatos;Devolução parcial
13/09/2026;789365;Item 1239;114;12;;16/09/2031;Fornecedor Alfa;Medicamento;0
30/09/2026;698708;Item 1240;95;100;9500;05/09/2027;Fornecedor Gama;Alimentos;Devolução parcial
09/09/2026;912767;Item 1241;120;100;12000;13/10/2029;Fornecedor Ômega;Medicamento;Devolução parcial
11/09/2026;228216;Item 1242;99;48;4752;01/09/2031;Fornecedor Gama;Alimentos;Avaria
30/09/2026;944986;Item 1243;96;25;2400;16/05/2029;Fornecedor Alfa;Medicamento;0
15/09/2026;283662;Item 1244;28;30;840;16/04/2029;Fornecedor Beta;Psicotrópico;0
23/09/2026;614178;Item 1245;69;48;3312;20/08/2027;Fornecedor Beta;Psicotrópico;Avaria
09/09/2026;597920;Item 1246;88;25;2200;07/12/2031;;Correlatos;Avaria
01/09/2026;;Item 1247;48;30;1440;14/08/2030;Fornecedor Gama;Perfumaria;Devolução parcial
23/09/2026;794391;Item 1248;103;6;618;04/06/2031;Fornecedor Alfa;Correlatos;Devolução parcial
29/09/2026;503376;Item 1249;40;48;1920;22/07/2031;Fornecedor Ômega;Psicotrópico;0
01/09/2026;999308;Item 1250;57;50;2850;15/03/2029;Fornecedor Beta;Correlatos;0
10/09/2026;962671;Item 1251;97;25;2425;06/03/2028;Fornecedor Alfa;Antibiótico;Devolução parcial
;432591;Item 1252;113;50;;11/03/2027;Fornecedor Beta;Perfumaria;Avaria
;593975;Item 1253;95;50;4750;19/09/2031;Fornecedor Beta;Alimentos;Avaria
23/09/2026;960085;Item 1254;13;24;312;18/06/2028;Fornecedor Gama;Perfumaria;Avaria
24/09/2026;541314;Item 1255;78;100;7800;31/10/2028;Fornecedor Delta;Alimentos;0
21/09/2026;898989;Item 1256;7;24;168;27/06/2029;Fornecedor Alfa;Perfumaria;Avaria
11/09/2026;309794;Item 1257;81;30;2430;25/03/2030;Fornecedor Ômega;Perfumaria;0
28/09/2026;361728;Item 1258;   ;24;;01/05/2030;Fornecedor Delta;Correlatos;Avaria
09/09/2026;601602;Item 1259;112;24;2688;22/12/2027;Fornecedor Gama;Correlatos;Avaria
12/09/2026;308314;Item 1260;11;50;550;08/01/2028;Fornecedor Delta;Antibiótico;Devolução parcial
30/09/2026;335391;Item 1261;3;6;18;17/02/2030;Fornecedor Gama;Alimentos;0
09/09/2026;193298;Item 1262;60;25;1500;07/12/2030;Fornecedor Alfa;Perfumaria;Avaria
09/09/2026;748024;Item 1263;55;120;6600;02/11/2027;Fornecedor Ômega;Correlatos;0
23/09/2026;694797;Item 1264;16;6;96;12/12/2029;Fornecedor Delta;Antibiótico;Devolução parcial
23/09/2026;618152;Item 1265;16;25;400;21/02/2028;Fornecedor Alfa;Correlatos;Avaria
05/09/2026;882702;Item 1266;64;50;3200;02/06/2029;Fornecedor Alfa;Psicotrópico;0
14/09/2026;964119;Item 1267;37;25;925;05/01/2028;Fornecedor Delta;Medicamento;0
20/09/2026;404289;Item 1268;34;25;850;12/07/2029;Fornecedor Alfa;Correlatos;Devolução parcial
03/09/2026;817506;Item 1269;83;60;4980;22/01/2027;Fornecedor Delta;Medicamento;Avaria
23/09/2026;826687;Item 1270;51;25;1275;24/02/2029;Fornecedor Delta;Alimentos;Devolução parcial
18/09/2026;368672;Item 1271;10;12;120;01/05/2027;Fornecedor Ômega;Correlatos;0
20/09/2026;593808;Item 1272;117;   ;;05/10/2030;Fornecedor Gama;Alimentos;Devolução parcial
09/09/2026;949192;Item 1273;6;6;36;30/10/2029;Fornecedor Gama;Antibiótico;Avaria
05/09/2026;513869;Item 1274;86;48;4128;19/02/2030;Fornecedor Ômega;Psicotrópico;0
16/09/2026;372935;Item 1275;22;100;2200;25/11/2028;Fornecedor Delta;Medicamento;0
14/09/2026;432731;Item 1276;91;100;9100;18/10/2027;Fornecedor Beta;Perfumaria;Avaria
28/09/2026;146307;Item 1277;17;60;1020;06/09/2031;Fornecedor Beta;Alimentos;Avaria
20/09/2026;550977;Item 1278;37;30;1110;26/08/2031;Fornecedor Beta;Psicotrópico;Avaria
11/09/2026;556943;Item 1279;115;24;2760;18/02/2031;Fornecedor Delta;Medicamento;Devolução parcial
02/09/2026;994470;Item 1280;119;60;7140;22/01/2028;Fornecedor Alfa;Perfumaria;0
09/09/2026;292037;Item 1281;5;60;300;01/12/2027;Fornecedor Delta;Antibiótico;0
12/09/2026;618951;Item 1282;6;60;360;23/12/2030;;Antibiótico;Avaria
04/09/2026;616935;Item 1283;15;24;360;16/12/2028;Fornecedor Ômega;Medicamento;Avaria
24/09/2026;289430;Item 1284;107;24;2568;07/11/2029;Fornecedor Beta;Psicotrópico;Devolução parcial
01/09/2026;714127;Item 1285;28;120;3360;13/12/2029;Fornecedor Gama;Medicamento;Avaria
22/09/2026;180567;Item 1286;32;60;1920;13/07/2027;Fornecedor Beta;Perfumaria;Avaria
13/09/2026;814407;Item 1287;88;12;;04/02/2029;Fornecedor Gama;Perfumaria;Avaria
15/09/2026;261245;Item 1288;4;12;48;29/08/2031;Fornecedor Delta;Antibiótico;Devolução parcial
11/09/2026;382400;Item 1289;77;6;;31/03/2027;Fornecedor Gama;Antibiótico;Avaria
05/09/2026;867080;Item 1290;94;120;11280;08/03/2028;Fornecedor Ômega;Alimentos;Avaria
24/09/2026;438869;Item 1291;103;6;618;25/05/2027;Fornecedor Gama;Psicotrópico;Avaria
06/09/2026;197046;Item 1292;52;30;1560;06/05/2028;Fornecedor Delta;Perfumaria;0
13/09/2026;993749;Item 1293;27;24;;16/05/2031;Fornecedor Delta;Correlatos;Devolução parcial
04/09/2026;889114;Item 1294;84;24;2016;03/09/2028;Fornecedor Delta;Antibiótico;Devolução parcial
29/09/2026;945522;Item 1295;118;30;3540;03/11/2030;Fornecedor Gama;Medicamento;Avaria
17/09/2026;797848;Item 1296;13;48;624;14/02/2028;Fornecedor Delta;Antibiótico;Avaria
20/09/2026;599583;Item 1297;35;120;4200;16/05/2029;Fornecedor Ômega;Antibiótico;Avaria
21/09/2026;743687;Item 1298;24;50;1200;22/05/2029;Fornecedor Ômega;Perfumaria;Devolução parcial
21/09/2026;458345;Item 1299;   ;25;;06/11/2030;Fornecedor Alfa;Antibiótico;Devolução parcial
03/09/2026;760141;Item 1300;83;100;8300;18/08/2028;Fornecedor Delta;Antibiótico;0
05/09/2026;940480;Item 1301;62;30;1860;19/09/2027;Fornecedor Beta;Medicamento;Devolução parcial
02/09/2026;548509;Item 1302;38;120;4560;02/02/2030;Fornecedor Ômega;Perfumaria;Devolução parcial
14/09/2026;212860;Item 1303;66;50;3300;13/07/2027;Fornecedor Delta;Alimentos;Devolução parcial
12/09/2026;696092;Item 1304;105;30;3150;05/06/2028;Fornecedor Gama;Perfumaria;Devolução parcial
06/09/2026;117058;Item 1305;15;60;900;30/05/2031;Fornecedor Alfa;Antibiótico;0
11/09/2026;187336;Item 1306;54;30;1620;17/04/2030;Fornecedor Delta;Alimentos;
11/09/2026;754112;Item 1307;104;30;3120;20/11/2031;Fornecedor Alfa;Medicamento;0
09/09/2026;182020;Item 1308;96;120;11520;21/11/2031;Fornecedor Ômega;Antibiótico;
04/09/2026;118785;Item 1309;1;50;50;28/01/2027;Fornecedor Alfa;Alimentos;Avaria
28/09/2026;582515;Item 1310;89;50;4450;09/09/2030;Fornecedor Gama;Alimentos;Avaria
12/09/2026;417508;Item 1311;80;120;9600;15/11/2030;Fornecedor Delta;Correlatos;0
07/09/2026;231165;Item 1312;18;6;108;18/08/2027;Fornecedor Ômega;Alimentos;0
21/09/2026;128117;Item 1313;27;60;1620;25/10/2027;Fornecedor Alfa;Antibiótico;Devolução parcial
07/09/2026;999876;Item 1314;102;100;10200;26/06/2027;Fornecedor Beta;Antibiótico;0
04/09/2026;597013;Item 1315;55;6;330;07/12/2027;Fornecedor Alfa;Alimentos;Devolução parcial
01/09/2026;566895;Item 1316;63;60;3780;27/10/2031;Fornecedor Delta;Psicotrópico;0
27/09/2026;311118;Item 1317;38;120;4560;04/09/2031;Fornecedor Delta;Perfumaria;Avaria
14/09/2026;108256;Item 1318;14;50;700;04/10/2031;Fornecedor Delta;Alimentos;Devolução parcial
10/09/2026;724783;Item 1319;94;100;9400;17/03/2027;Fornecedor Delta;Antibiótico;Avaria
30/09/2026;638292;Item 1320;76;120;9120;21/10/2030;Fornecedor Delta;Medicamento;Devolução parcial
14/09/2026;163653;Item 1321;68;6;408;26/03/2030;Fornecedor Beta;Psicotrópico;0
29/09/2026;380859;Item 1322;115;50;5750;27/08/2029;;Antibiótico;Devolução parcial
23/09/2026;777568;Item 1323;45;60;2700;12/06/2029;Fornecedor Ômega;Medicamento;Avaria
12/09/2026;861485;Item 1324;25;60;1500;16/06/2029;Fornecedor Alfa;Psicotrópico;0
30/09/2026;716204;Item 1325;117;48;;18/05/2030;Fornecedor Delta;Medicamento;Avaria
14/09/2026;858115;Item 1326;92;50;4600;03/09/2031;Fornecedor Beta;Antibiótico;0
23/09/2026;752048;Item 1327;27;30;810;15/03/2031;Fornecedor Ômega;Alimentos;Avaria
06/09/2026;;Item 1328;23;25;575;25/05/2030;Fornecedor Delta;Perfumaria;Avaria
07/09/2026;617708;Item 1329;39;25;975;14/02/2030;Fornecedor Ômega;Perfumaria;Avaria
06/09/2026;373477;Item 1330;46;24;1104;23/08/2031;Fornecedor Gama;Perfumaria;0
20/09/2026;454140;Item 1331;56;12;672;09/04/2028;Fornecedor Ômega;Psicotrópico;0
26/09/2026;609990;Item 1332;34;48;1632;28/12/2028;;Psicotrópico;Avaria
20/09/2026;258522;Item 1333;110;100;11000;03/10/2030;Fornecedor Ômega;Alimentos;0
27/09/2026;559094;Item 1334;103;60;6180;28/03/2031;Fornecedor Ômega;Perfumaria;Devolução parcial
27/09/2026;739270;Item 1335;101;12;1212;;Fornecedor Ômega;   ;0
28/09/2026;275160;Item 1336;81;12;972;;Fornecedor Beta;Medicamento;Devolução parcial
25/09/2026;406313;Item 1337;91;60;5460;02/11/2029;Fornecedor Delta;Alimentos;0
11/09/2026;261790;Item 1338;83;48;3984;05/08/2031;Fornecedor Alfa;Perfumaria;0
08/09/2026;560438;Item 1339;54;6;324;06/09/2031;Fornecedor Delta;Correlatos;Avaria
09/09/2026;629554;Item 1340;22;12;264;01/02/2029;Fornecedor Delta;Correlatos;Devolução parcial
25/09/2026;797298;Item 1341;32;24;768;24/03/2031;Fornecedor Gama;Antibiótico;0
14/09/2026;244697;Item 1342;103;50;5150;18/04/2029;Fornecedor Delta;Psicotrópico;Devolução parcial
05/09/2026;479347;Item 1343;4;60;240;27/04/2031;Fornecedor Ômega;Alimentos;Devolução parcial
11/09/2026;172961;Item 1344;11;48;528;02/04/2029;Fornecedor Alfa;Antibiótico;0
22/09/2026;512369;Item 1345;   ;6;;06/08/2030;Fornecedor Alfa;Psicotrópico;0
10/09/2026;762288;Item 1346;92;100;9200;08/05/2029;Fornecedor Delta;Alimentos;Devolução parcial
24/09/2026;680502;Item 1347;112;30;3360;02/03/2031;Fornecedor Beta;Correlatos;0
20/09/2026;967176;Item 1348;36;100;3600;28/10/2027;Fornecedor Delta;Antibiótico;Devolução parcial
20/09/2026;315098;Item 1349;114;100;11400;03/06/2031;Fornecedor Gama;Alimentos;Avaria
25/09/2026;831351;Item 1350;45;50;2250;09/02/2028;Fornecedor Beta;Perfumaria;0
24/09/2026;663539;Item 1351;   ;50;;12/01/2031;Fornecedor Alfa;Psicotrópico;Devolução parcial
17/09/2026;397719;Item 1352;28;12;336;04/02/2030;Fornecedor Beta;Psicotrópico;Avaria
01/09/2026;893820;Item 1353;82;24;1968;27/02/2027;Fornecedor Gama;Psicotrópico;Avaria
24/09/2026;353063;Item 1354;107;30;3210;15/05/2029;Fornecedor Gama;Perfumaria;Devolução parcial
09/09/2026;162857;Item 1355;108;48;5184;08/07/2030;Fornecedor Gama;Correlatos;0
15/09/2026;150051;Item 1356;97;12;1164;02/09/2028;Fornecedor Gama;Alimentos;0
26/09/2026;575159;Item 1357;44;25;1100;08/03/2031;Fornecedor Gama;Psicotrópico;Devolução parcial
28/09/2026;758237;Item 1358;86;100;8600;04/05/2030;Fornecedor Alfa;   ;Avaria
22/09/2026;398357;Item 1359;86;120;10320;14/10/2027;Fornecedor Delta;Psicotrópico;Devolução parcial
17/09/2026;359662;Item 1360;14;48;672;07/04/2030;Fornecedor Alfa;Correlatos;Avaria
27/09/2026;202747;Item 1361;19;50;950;23/04/2029;Fornecedor Ômega;Perfumaria;0
16/09/2026;545526;Item 1362;114;24;2736;15/03/2028;Fornecedor Delta;Perfumaria;Avaria
19/09/2026;809699;Item 1363;68;50;;18/02/2030;Fornecedor Gama;Antibiótico;Avaria
15/09/2026;712686;Item 1364;64;50;3200;12/11/2030;Fornecedor Delta;Alimentos;Avaria
17/09/2026;963829;Item 1365;21;24;504;18/09/2027;Fornecedor Delta;Alimentos;Avaria
28/09/2026;235670;Item 1366;91;100;9100;19/12/2029;Fornecedor Ômega;Alimentos;0
24/09/2026;577555;Item 1367;61;6;366;18/11/2027;Fornecedor Gama;Correlatos;
04/09/2026;730823;Item 1368;110;50;5500;05/09/2027;Fornecedor Beta;Psicotrópico;Avaria
04/09/2026;142238;Item 1369;67;24;1608;30/01/2029;Fornecedor Beta;Correlatos;Avaria
26/09/2026;408261;Item 1370;63;6;378;20/10/2027;Fornecedor Alfa;Psicotrópico;Avaria
29/09/2026;151014;Item 1371;120;30;3600;03/08/2028;Fornecedor Alfa;Medicamento;Devolução parcial
18/09/2026;612537;Item 1372;1;12;12;15/12/2028;Fornecedor Ômega;Perfumaria;Avaria
19/09/2026;604550;Item 1373;74;30;2220;15/07/2029;Fornecedor Beta;Antibiótico;Avaria
05/09/2026;974994;Item 1374;93;120;11160;10/04/2031;Fornecedor Alfa;Psicotrópico;Devolução parcial
22/09/2026;583326;Item 1375;98;60;5880;08/07/2029;Fornecedor Alfa;Alimentos;Avaria
22/09/2026;193653;Item 1376;   ;120;;01/07/2030;Fornecedor Delta;Antibiótico;0
02/09/2026;514603;Item 1377;44;100;4400;05/10/2030;Fornecedor Delta;Alimentos;Avaria
23/09/2026;777292;Item 1378;12;24;288;20/02/2027;Fornecedor Gama;Alimentos;Devolução parcial
21/09/2026;423850;Item 1379;72;12;864;19/02/2030;Fornecedor Ômega;Medicamento;Devolução parcial
19/09/2026;668154;Item 1380;74;6;;04/12/2029;Fornecedor Alfa;Antibiótico;Devolução parcial
06/09/2026;119570;Item 1381;16;100;1600;08/02/2027;Fornecedor Beta;Medicamento;0
15/09/2026;969993;Item 1382;91;120;10920;23/06/2027;Fornecedor Gama;Psicotrópico;Avaria
16/09/2026;521315;Item 1383;76;6;456;01/11/2031;Fornecedor Ômega;Correlatos;Avaria
28/09/2026;289276;Item 1384;54;6;;17/12/2029;Fornecedor Beta;Antibiótico;Avaria
18/09/2026;195446;Item 1385;15;12;180;11/12/2027;Fornecedor Beta;Medicamento;0
05/09/2026;367968;Item 1386;99;12;1188;20/09/2028;Fornecedor Delta;Alimentos;0
06/09/2026;161775;Item 1387;79;48;3792;25/02/2027;Fornecedor Ômega;Correlatos;Avaria
14/09/2026;203540;Item 1388;41;24;984;25/10/2028;Fornecedor Beta;Antibiótico;0
25/09/2026;154398;Item 1389;26;25;650;07/05/2030;Fornecedor Gama;Medicamento;Avaria
13/09/2026;633328;Item 1390;97;100;9700;24/08/2027;Fornecedor Beta;Perfumaria;Avaria
03/09/2026;587402;Item 1391;71;50;3550;18/09/2029;Fornecedor Ômega;Antibiótico;Devolução parcial
09/09/2026;345094;Item 1392;117;6;702;;Fornecedor Gama;Alimentos;0
21/09/2026;358281;Item 1393;98;100;9800;28/05/2031;Fornecedor Alfa;Correlatos;Devolução parcial
28/09/2026;526504;Item 1394;58;12;696;26/07/2030;Fornecedor Gama;Medicamento;0
26/09/2026;491438;Item 1395;70;24;1680;17/05/2028;Fornecedor Gama;Antibiótico;Devolução parcial
27/09/2026;573685;Item 1396;6;6;;09/08/2029;Fornecedor Gama;Correlatos;Devolução parcial
30/09/2026;275512;Item 1397;1;   ;;14/09/2029;Fornecedor Beta;Psicotrópico;Avaria
12/09/2026;980266;Item 1398;88;50;4400;22/09/2031;Fornecedor Alfa;Psicotrópico;Devolução parcial
24/09/2026;394976;Item 1399;6;24;144;29/12/2029;Fornecedor Gama;Perfumaria;Avaria
27/09/2026;194073;Item 1400;51;12;612;14/10/2027;Fornecedor Gama;Correlatos;Avaria
26/09/2026;321092;Item 1401;79;100;;13/10/2028;Fornecedor Beta;Alimentos;Avaria
09/09/2026;889256;Item 1402;91;60;5460;18/05/2028;Fornecedor Beta;Correlatos;0
01/09/2026;582134;Item 1403;77;   ;;17/11/2030;Fornecedor Alfa;Alimentos;0
29/09/2026;738359;Item 1404;61;6;366;20/01/2027;Fornecedor Alfa;Antibiótico;Devolução parcial
25/09/2026;830322;Item 1405;91;60;5460;15/03/2029;Fornecedor Gama;Perfumaria;Devolução parcial
01/09/2026;782902;Item 1406;10;100;1000;01/09/2031;Fornecedor Delta;Alimentos;0
27/09/2026;470141;Item 1407;105;50;5250;16/05/2030;Fornecedor Beta;Antibiótico;0
04/09/2026;979908;Item 1408;99;6;594;05/08/2029;Fornecedor Beta;Medicamento;Avaria
25/09/2026;109818;Item 1409;29;6;174;29/07/2028;Fornecedor Beta;Medicamento;0
26/09/2026;955932;Item 1410;79;30;2370;10/01/2031;Fornecedor Alfa;Medicamento;Avaria
16/09/2026;480632;Item 1411;5;30;150;12/12/2030;Fornecedor Gama;Medicamento;0
04/09/2026;305611;Item 1412;106;50;5300;17/11/2031;Fornecedor Beta;Psicotrópico;Devolução parcial
07/09/2026;618008;Item 1413;22;100;;13/09/2030;Fornecedor Gama;Alimentos;Devolução parcial
03/09/2026;732262;Item 1414;73;24;1752;19/04/2030;Fornecedor Alfa;Alimentos;0
28/09/2026;;Item 1415;34;120;4080;11/04/2028;Fornecedor Gama;Alimentos;Avaria
23/09/2026;301170;Item 1416;   ;6;;20/10/2030;Fornecedor Gama;Psicotrópico;Avaria
01/09/2026;813745;Item 1417;72;60;4320;24/05/2029;Fornecedor Ômega;Correlatos;Avaria
04/09/2026;985356;Item 1418;53;30;1590;24/10/2030;Fornecedor Gama;Antibiótico;Avaria
29/09/2026;479030;Item 1419;67;6;402;17/01/2031;Fornecedor Alfa;Perfumaria;Avaria
11/09/2026;540467;Item 1420;69;60;4140;11/01/2027;Fornecedor Delta;Medicamento;Avaria
26/09/2026;185782;Item 1421;113;120;;21/02/2027;Fornecedor Alfa;Alimentos;
07/09/2026;178056;Item 1422;118;25;2950;03/12/2027;Fornecedor Beta;Correlatos;0
01/09/2026;756403;Item 1423;81;12;972;09/09/2029;Fornecedor Delta;Perfumaria;Devolução parcial
27/09/2026;935946;Item 1424;81;48;3888;27/05/2028;Fornecedor Alfa;Perfumaria;Avaria
27/09/2026;349937;Item 1425;44;6;;14/11/2028;Fornecedor Gama;Medicamento;0
15/09/2026;913432;Item 1426;   ;120;;14/04/2031;Fornecedor Ômega;Alimentos;Avaria
02/09/2026;707056;Item 1427;16;12;192;10/03/2027;Fornecedor Delta;Correlatos;Devolução parcial
02/09/2026;168187;Item 1428;   ;24;;02/07/2031;Fornecedor Delta;Perfumaria;Avaria
03/09/2026;740405;Item 1429;81;50;4050;28/07/2027;Fornecedor Ômega;Psicotrópico;0
13/09/2026;409242;Item 1430;109;50;5450;16/07/2027;Fornecedor Gama;Antibiótico;0
01/09/2026;728700;Item 1431;101;120;12120;17/07/2029;Fornecedor Delta;Antibiótico;Avaria
11/09/2026;750338;Item 1432;80;12;;26/08/2030;Fornecedor Ômega;Antibiótico;Devolução parcial
04/09/2026;444136;Item 1433;76;25;1900;30/07/2027;Fornecedor Ômega;Psicotrópico;Devolução parcial
29/09/2026;170825;Item 1434;76;25;1900;19/03/2030;Fornecedor Alfa;Alimentos;Devolução parcial
16/09/2026;368735;Item 1435;46;50;2300;24/01/2031;Fornecedor Gama;Antibiótico;0
02/09/2026;354963;Item 1436;18;6;;19/09/2027;Fornecedor Beta;Psicotrópico;Avaria
10/09/2026;638051;Item 1437;84;48;4032;10/04/2030;Fornecedor Gama;Medicamento;0
11/09/2026;592331;Item 1438;40;120;4800;19/08/2028;Fornecedor Beta;Perfumaria;Devolução parcial
02/09/2026;714926;Item 1439;85;24;;01/05/2028;Fornecedor Gama;Psicotrópico;0
07/09/2026;542563;Item 1440;45;25;1125;04/08/2030;Fornecedor Alfa;Perfumaria;Avaria
23/09/2026;298553;Item 1441;86;60;5160;17/11/2030;Fornecedor Delta;Psicotrópico;Devolução parcial
19/09/2026;447231;Item 1442;110;120;13200;18/11/2028;Fornecedor Gama;Correlatos;
15/09/2026;444582;Item 1443;21;12;252;30/11/2031;Fornecedor Ômega;Antibiótico;0
23/09/2026;103876;Item 1444;82;25;2050;16/04/2028;Fornecedor Delta;Psicotrópico;0
26/09/2026;350629;Item 1445;62;   ;;24/02/2031;Fornecedor Delta;Medicamento;Avaria
12/09/2026;293194;Item 1446;106;6;636;21/01/2027;Fornecedor Ômega;Correlatos;0
10/09/2026;681636;Item 1447;15;24;360;20/06/2029;Fornecedor Alfa;Alimentos;Devolução parcial
01/09/2026;902719;Item 1448;47;6;282;12/02/2028;Fornecedor Alfa;Correlatos;0
24/09/2026;329580;Item 1449;114;30;3420;23/12/2027;Fornecedor Beta;Psicotrópico;0
06/09/2026;287214;Item 1450;26;6;156;23/09/2031;Fornecedor Beta;Perfumaria;0
13/09/2026;971834;Item 1451;87;24;2088;03/09/2030;Fornecedor Ômega;Correlatos;0
12/09/2026;419891;Item 1452;59;25;1475;16/07/2031;Fornecedor Beta;Alimentos;0
29/09/2026;652522;Item 1453;103;120;12360;07/06/2029;Fornecedor Ômega;Perfumaria;0
07/09/2026;237148;Item 1454;102;   ;;26/12/2029;Fornecedor Delta;Alimentos;Avaria
21/09/2026;433396;Item 1455;77;50;3850;15/05/2028;Fornecedor Ômega;Psicotrópico;Devolução parcial
10/09/2026;298287;Item 1456;110;100;11000;06/06/2031;;Correlatos;
28/09/2026;155846;Item 1457;81;30;;16/09/2027;Fornecedor Gama;Psicotrópico;Avaria
26/09/2026;319401;Item 1458;94;12;1128;21/08/2029;Fornecedor Gama;Perfumaria;0
12/09/2026;633320;Item 1459;50;100;5000;18/10/2029;Fornecedor Gama;Antibiótico;0
17/09/2026;437456;Item 1460;92;48;4416;23/11/2030;Fornecedor Delta;Alimentos;Avaria
13/09/2026;596771;Item 1461;35;120;4200;30/07/2030;Fornecedor Gama;Alimentos;0
15/09/2026;317264;Item 1462;29;25;725;03/11/2031;Fornecedor Alfa;Antibiótico;0
19/09/2026;420863;Item 1463;55;50;2750;18/11/2027;Fornecedor Beta;Correlatos;Devolução parcial
10/09/2026;188876;Item 1464;18;12;216;29/06/2029;Fornecedor Gama;Correlatos;0
17/09/2026;712328;Item 1465;6;60;360;26/06/2030;Fornecedor Beta;Antibiótico;Avaria
12/09/2026;590262;Item 1466;56;50;2800;06/07/2031;Fornecedor Delta;Correlatos;
15/09/2026;500944;Item 1467;4;24;96;23/04/2028;Fornecedor Beta;Alimentos;0
10/09/2026;476536;Item 1468;116;12;1392;22/09/2031;Fornecedor Gama;Psicotrópico;Devolução parcial
30/09/2026;774920;Item 1469;11;30;330;11/04/2028;Fornecedor Ômega;Perfumaria;
07/09/2026;477735;Item 1470;5;100;;14/11/2028;Fornecedor Alfa;Alimentos;Avaria
07/09/2026;362168;Item 1471;39;30;1170;16/12/2030;;Medicamento;Devolução parcial
01/09/2026;875758;Item 1472;70;30;2100;27/04/2031;Fornecedor Beta;Correlatos;Avaria
27/09/2026;921169;Item 1473;52;50;2600;02/04/2030;Fornecedor Ômega;Antibiótico;Devolução parcial
28/09/2026;637549;Item 1474;98;24;2352;25/03/2029;Fornecedor Alfa;Medicamento;Devolução parcial
08/09/2026;885527;Item 1475;27;60;1620;22/11/2029;Fornecedor Gama;Psicotrópico;Avaria
11/09/2026;857607;Item 1476;105;60;6300;10/06/2031;Fornecedor Ômega;Correlatos;0
07/09/2026;549622;Item 1477;99;50;4950;17/06/2029;Fornecedor Delta;   ;0
28/09/2026;492901;Item 1478;18;120;2160;20/09/2027;Fornecedor Beta;Alimentos;0
11/09/2026;624078;Item 1479;104;48;4992;06/04/2028;Fornecedor Delta;Antibiótico;Devolução parcial
10/09/2026;889185;Item 1480;52;100;5200;29/10/2028;Fornecedor Gama;Perfumaria;Devolução parcial
05/09/2026;923507;Item 1481;5;24;120;07/11/2028;Fornecedor Gama;Alimentos;Devolução parcial
13/09/2026;737363;Item 1482;74;   ;;23/02/2028;Fornecedor Delta;Perfumaria;Devolução parcial
04/09/2026;505205;Item 1483;25;   ;;04/11/2028;Fornecedor Gama;Antibiótico;Devolução parcial
04/09/2026;419443;Item 1484;12;24;288;14/10/2030;Fornecedor Gama;Medicamento;0
16/09/2026;966621;Item 1485;89;120;10680;24/02/2027;Fornecedor Alfa;Medicamento;0
08/09/2026;504639;Item 1486;37;25;925;19/08/2028;Fornecedor Gama;Perfumaria;Avaria
01/09/2026;160244;Item 1487;   ;100;;18/12/2027;Fornecedor Beta;Antibiótico;Avaria
18/09/2026;264663;Item 1488;15;24;;06/05/2029;Fornecedor Delta;Alimentos;0
05/09/2026;507888;Item 1489;116;25;2900;18/11/2031;Fornecedor Alfa;Correlatos;Avaria
06/09/2026;957626;Item 1490;91;60;5460;21/05/2030;Fornecedor Gama;Correlatos;Devolução parcial
09/09/2026;312832;Item 1491;65;60;3900;18/02/2028;Fornecedor Ômega;Medicamento;Avaria
20/09/2026;167077;Item 1492;106;50;5300;;Fornecedor Alfa;Psicotrópico;Avaria
15/09/2026;696879;Item 1493;113;60;6780;05/08/2029;Fornecedor Gama;Perfumaria;Devolução parcial
12/09/2026;195528;Item 1494;37;60;2220;05/12/2030;Fornecedor Beta;Antibiótico;Devolução parcial
14/09/2026;963428;Item 1495;104;24;2496;25/05/2028;Fornecedor Alfa;Psicotrópico;Devolução parcial
30/09/2026;553065;Item 1496;59;50;2950;11/09/2030;Fornecedor Alfa;Alimentos;Devolução parcial
08/09/2026;200174;Item 1497;51;6;306;19/12/2031;Fornecedor Alfa;Correlatos;Devolução parcial
23/09/2026;663858;Item 1498;38;12;456;27/01/2031;Fornecedor Alfa;Antibiótico;Avaria
12/09/2026;898868;Item 1499;71;12;852;06/06/2027;Fornecedor Ômega;Psicotrópico;
09/09/2026;530016;Item 1500;58;24;1392;29/02/2028;Fornecedor Gama;Perfumaria;Avaria
13/09/2026;128015;Item 1501;10;60;600;04/12/2028;Fornecedor Delta;Medicamento;Avaria
04/09/2026;139609;Item 1502;2;30;60;23/12/2030;Fornecedor Alfa;Correlatos;Devolução parcial
15/09/2026;885043;Item 1503;60;60;3600;20/05/2027;Fornecedor Ômega;Psicotrópico;Devolução parcial
05/09/2026;354063;Item 1504;92;60;;22/08/2029;Fornecedor Beta;Medicamento;0
04/09/2026;979226;Item 1505;3;120;360;29/12/2027;Fornecedor Beta;Perfumaria;Devolução parcial
03/09/2026;877462;Item 1506;51;24;1224;07/10/2030;Fornecedor Ômega;   ;Avaria
06/09/2026;260952;Item 1507;57;48;2736;19/03/2028;Fornecedor Ômega;Alimentos;Devolução parcial
27/09/2026;326667;Item 1508;57;6;342;24/07/2030;Fornecedor Gama;Alimentos;Devolução parcial
13/09/2026;851210;Item 1509;85;12;1020;14/11/2030;Fornecedor Beta;Antibiótico;0
25/09/2026;727263;Item 1510;1;   ;;11/02/2029;Fornecedor Alfa;Medicamento;Avaria
01/09/2026;350127;Item 1511;26;12;312;13/05/2029;Fornecedor Ômega;Perfumaria;Avaria
;960384;Item 1512;   ;12;;12/12/2031;Fornecedor Ômega;Alimentos;0
14/09/2026;859181;Item 1513;22;   ;;15/11/2029;Fornecedor Ômega;Correlatos;Avaria
20/09/2026;689356;Item 1514;81;25;;29/02/2028;Fornecedor Gama;Antibiótico;Avaria
04/09/2026;226672;Item 1515;30;25;750;31/12/2028;Fornecedor Beta;Medicamento;0
01/09/2026;521673;Item 1516;84;48;4032;08/03/2029;Fornecedor Alfa;Antibiótico;0
21/09/2026;169223;Item 1517;85;30;2550;01/07/2030;Fornecedor Beta;Perfumaria;0
25/09/2026;329177;Item 1518;53;30;1590;11/05/2030;Fornecedor Delta;Perfumaria;Devolução parcial
06/09/2026;662227;Item 1519;102;120;12240;30/05/2028;Fornecedor Ômega;Psicotrópico;Avaria
22/09/2026;761519;Item 1520;90;50;4500;29/04/2031;Fornecedor Alfa;Correlatos;
28/09/2026;766216;Item 1521;98;48;4704;26/09/2030;Fornecedor Delta;Perfumaria;Avaria
15/09/2026;118506;Item 1522;78;120;9360;22/02/2029;Fornecedor Gama;Alimentos;Devolução parcial
23/09/2026;343715;Item 1523;65;120;7800;28/01/2027;Fornecedor Alfa;Perfumaria;Devolução parcial
10/09/2026;895807;Item 1524;115;12;1380;29/04/2028;Fornecedor Delta;Medicamento;Devolução parcial
12/09/2026;183246;Item 1525;8;24;192;18/10/2029;;Medicamento;0
08/09/2026;494000;Item 1526;27;6;162;25/01/2031;Fornecedor Gama;Antibiótico;Devolução parcial
11/09/2026;444656;Item 1527;18;30;540;11/08/2030;Fornecedor Ômega;Psicotrópico;Avaria
25/09/2026;779525;Item 1528;105;30;3150;18/02/2027;Fornecedor Alfa;Alimentos;Avaria
18/09/2026;459376;Item 1529;32;25;800;21/04/2027;Fornecedor Alfa;Alimentos;Devolução parcial
28/09/2026;854452;Item 1530;29;120;3480;20/02/2029;Fornecedor Gama;Correlatos;0
03/09/2026;563849;Item 1531;81;6;486;17/11/2031;Fornecedor Delta;Perfumaria;0
07/09/2026;154638;Item 1532;82;24;1968;15/09/2027;Fornecedor Ômega;Medicamento;Devolução parcial
08/09/2026;675507;Item 1533;107;25;2675;05/11/2029;Fornecedor Ômega;Antibiótico;Devolução parcial
24/09/2026;589762;Item 1534;40;24;960;09/02/2028;Fornecedor Alfa;Antibiótico;0
10/09/2026;735281;Item 1535;32;30;960;26/03/2030;Fornecedor Delta;Alimentos;0
03/09/2026;385066;Item 1536;111;60;6660;06/01/2029;Fornecedor Delta;Antibiótico;0
17/09/2026;593578;Item 1537;57;50;2850;02/06/2030;Fornecedor Delta;Medicamento;Avaria
14/09/2026;120773;Item 1538;98;50;4900;16/10/2031;Fornecedor Ômega;Correlatos;Devolução parcial
24/09/2026;663292;Item 1539;20;100;2000;26/12/2027;Fornecedor Beta;Antibiótico;Avaria
13/09/2026;420704;Item 1540;59;30;1770;25/02/2030;Fornecedor Gama;Antibiótico;0
07/09/2026;449421;Item 1541;18;60;1080;13/11/2027;;Perfumaria;0
16/09/2026;625021;Item 1542;94;48;4512;08/04/2029;Fornecedor Delta;Antibiótico;Devolução parcial
10/09/2026;491270;Item 1543;50;60;3000;05/08/2030;Fornecedor Gama;Perfumaria;Avaria
13/09/2026;140712;Item 1544;118;12;1416;04/03/2030;Fornecedor Alfa;Medicamento;Avaria
17/09/2026;367657;Item 1545;99;   ;;23/12/2030;Fornecedor Delta;Alimentos;Devolução parcial
21/09/2026;486065;Item 1546;90;6;540;28/02/2029;Fornecedor Delta;Alimentos;0
30/09/2026;354125;Item 1547;62;6;;24/07/2031;Fornecedor Beta;Alimentos;Devolução parcial
09/09/2026;809283;Item 1548;4;24;96;24/05/2030;Fornecedor Delta;Alimentos;0
19/09/2026;366640;Item 1549;32;120;3840;19/09/2030;Fornecedor Alfa;Perfumaria;0
13/09/2026;908422;Item 1550;   ;50;;17/12/2030;Fornecedor Gama;Perfumaria;
06/09/2026;297995;Item 1551;113;50;5650;27/08/2031;Fornecedor Delta;Correlatos;Devolução parcial
22/09/2026;416900;Item 1552;65;100;6500;21/12/2031;Fornecedor Delta;Psicotrópico;Avaria
04/09/2026;869584;Item 1553;53;12;636;26/07/2030;Fornecedor Gama;Correlatos;0
30/09/2026;382089;Item 1554;96;25;2400;13/03/2031;Fornecedor Delta;Alimentos;Avaria
01/09/2026;106732;Item 1555;22;60;1320;18/07/2027;Fornecedor Ômega;Alimentos;Avaria
24/09/2026;650462;Item 1556;54;30;1620;01/06/2029;Fornecedor Alfa;Medicamento;Avaria
07/09/2026;295454;Item 1557;91;24;2184;23/09/2029;Fornecedor Alfa;Psicotrópico;0
06/09/2026;572552;Item 1558;73;25;1825;16/02/2028;Fornecedor Ômega;Alimentos;0
09/09/2026;948485;Item 1559;98;25;2450;21/11/2031;Fornecedor Delta;Antibiótico;Devolução parcial
03/09/2026;754753;Item 1560;14;24;336;23/08/2028;Fornecedor Ômega;Antibiótico;
01/09/2026;390206;Item 1561;9;48;432;14/04/2030;Fornecedor Alfa;Antibiótico;Avaria
01/09/2026;805486;Item 1562;98;12;1176;06/05/2027;Fornecedor Beta;Perfumaria;Devolução parcial
04/09/2026;710738;Item 1563;102;6;612;08/03/2028;Fornecedor Gama;Perfumaria;Avaria
30/09/2026;732275;Item 1564;67;30;2010;22/09/2029;Fornecedor Delta;Correlatos;Devolução parcial
22/09/2026;550314;Item 1565;44;48;2112;29/12/2031;Fornecedor Beta;Correlatos;0
13/09/2026;478756;Item 1566;86;50;4300;04/06/2030;Fornecedor Ômega;Correlatos;Avaria
15/09/2026;945435;Item 1567;13;6;78;18/11/2031;Fornecedor Delta;Alimentos;0
28/09/2026;126927;Item 1568;78;12;936;22/12/2029;Fornecedor Beta;Alimentos;0
22/09/2026;486326;Item 1569;58;120;6960;11/09/2030;Fornecedor Delta;Psicotrópico;Avaria
21/09/2026;792299;Item 1570;25;6;150;23/07/2031;Fornecedor Beta;Perfumaria;Devolução parcial
26/09/2026;477702;Item 1571;112;6;672;15/02/2031;Fornecedor Beta;Alimentos;
13/09/2026;344903;Item 1572;78;60;4680;22/02/2031;Fornecedor Gama;Perfumaria;Avaria
22/09/2026;548702;Item 1573;120;60;7200;22/10/2031;Fornecedor Ômega;Alimentos;Avaria
23/09/2026;408137;Item 1574;78;25;1950;21/10/2027;Fornecedor Gama;Psicotrópico;Devolução parcial
16/09/2026;629149;Item 1575;5;24;120;20/06/2031;Fornecedor Ômega;Correlatos;Devolução parcial
06/09/2026;675402;Item 1576;112;60;6720;02/07/2029;Fornecedor Ômega;Antibiótico;Devolução parcial
07/09/2026;666931;Item 1577;31;25;775;16/12/2027;Fornecedor Ômega;Perfumaria;Avaria
30/09/2026;850534;Item 1578;4;24;;30/10/2028;Fornecedor Delta;Correlatos;0
29/09/2026;854109;Item 1579;33;60;1980;05/10/2030;Fornecedor Ômega;Alimentos;0
03/09/2026;660509;Item 1580;82;60;4920;18/06/2031;Fornecedor Beta;Medicamento;Devolução parcial
03/09/2026;903562;Item 1581;   ;120;;11/08/2030;Fornecedor Beta;Antibiótico;Devolução parcial
21/09/2026;879058;Item 1582;   ;50;;08/08/2030;Fornecedor Gama;Antibiótico;0
10/09/2026;334410;Item 1583;34;12;408;29/06/2027;Fornecedor Ômega;Perfumaria;Avaria
24/09/2026;;Item 1584;76;25;1900;;Fornecedor Gama;Correlatos;0
19/09/2026;994781;Item 1585;41;50;2050;18/02/2031;Fornecedor Ômega;Correlatos;0
28/09/2026;718722;Item 1586;69;25;1725;05/03/2029;Fornecedor Delta;Correlatos;Avaria
17/09/2026;936258;Item 1587;87;24;2088;21/09/2030;Fornecedor Gama;Psicotrópico;0
18/09/2026;211763;Item 1588;51;6;306;12/10/2031;Fornecedor Delta;Correlatos;0
16/09/2026;955793;Item 1589;38;25;;24/10/2030;Fornecedor Delta;Medicamento;Devolução parcial
20/09/2026;397158;Item 1590;19;6;114;17/10/2028;Fornecedor Beta;   ;Devolução parcial
16/09/2026;229461;Item 1591;36;120;4320;16/07/2030;;Antibiótico;
26/09/2026;838344;Item 1592;49;6;294;13/11/2028;Fornecedor Alfa;Alimentos;0
23/09/2026;989265;Item 1593;94;25;2350;15/02/2031;;Medicamento;Avaria
27/09/2026;862729;Item 1594;51;30;1530;12/09/2030;Fornecedor Alfa;Perfumaria;Devolução parcial
22/09/2026;511341;Item 1595;44;50;2200;;Fornecedor Beta;Antibiótico;Avaria
10/09/2026;175312;Item 1596;68;30;2040;27/11/2030;Fornecedor Alfa;Alimentos;Devolução parcial
11/09/2026;512900;Item 1597;13;24;312;21/03/2031;Fornecedor Gama;Perfumaria;Devolução parcial
19/09/2026;418844;Item 1598;59;24;1416;09/10/2027;Fornecedor Delta;Alimentos;Avaria
07/09/2026;405221;Item 1599;115;24;2760;22/03/2028;Fornecedor Alfa;Alimentos;Devolução parcial
04/09/2026;479821;Item 1600;93;120;11160;21/10/2030;Fornecedor Alfa;Antibiótico;Avaria
30/09/2026;812449;Item 1601;108;24;2592;26/04/2027;Fornecedor Ômega;Correlatos;Avaria
17/09/2026;288358;Item 1602;7;12;84;24/08/2030;Fornecedor Beta;Psicotrópico;Avaria
08/09/2026;255785;Item 1603;81;50;4050;11/03/2027;Fornecedor Ômega;Medicamento;Avaria
06/09/2026;612361;Item 1604;39;120;4680;29/08/2030;Fornecedor Delta;Alimentos;Devolução parcial
28/09/2026;790507;Item 1605;12;60;720;03/08/2031;Fornecedor Delta;Correlatos;Devolução parcial
01/09/2026;784925;Item 1606;57;48;;03/09/2027;Fornecedor Ômega;Perfumaria;0
08/09/2026;612982;Item 1607;83;100;8300;17/02/2027;Fornecedor Gama;Psicotrópico;Devolução parcial
26/09/2026;602790;Item 1608;36;12;432;29/04/2030;Fornecedor Alfa;Antibiótico;Avaria
10/09/2026;775908;Item 1609;90;50;4500;16/03/2030;Fornecedor Alfa;Perfumaria;Avaria
06/09/2026;166582;Item 1610;92;100;9200;10/04/2029;Fornecedor Ômega;Antibiótico;Devolução parcial
16/09/2026;957171;Item 1611;69;100;6900;11/05/2027;Fornecedor Gama;Psicotrópico;Devolução parcial
25/09/2026;848420;Item 1612;105;12;1260;23/03/2031;Fornecedor Alfa;Alimentos;0
23/09/2026;289440;Item 1613;111;120;13320;04/01/2028;Fornecedor Ômega;Psicotrópico;Avaria
02/09/2026;939398;Item 1614;41;12;492;21/09/2027;Fornecedor Gama;Medicamento;Devolução parcial
09/09/2026;;Item 1615;12;100;1200;10/10/2031;Fornecedor Ômega;Perfumaria;0
18/09/2026;630734;Item 1616;39;48;1872;18/12/2027;Fornecedor Delta;Alimentos;0
17/09/2026;360400;Item 1617;39;6;234;23/05/2031;Fornecedor Beta;Alimentos;Devolução parcial
16/09/2026;566532;Item 1618;18;120;2160;24/11/2030;Fornecedor Beta;Psicotrópico;Avaria
07/09/2026;735617;Item 1619;69;100;6900;;Fornecedor Ômega;Alimentos;0
05/09/2026;348617;Item 1620;5;25;125;05/09/2028;Fornecedor Alfa;Medicamento;Devolução parcial
12/09/2026;678888;Item 1621;28;120;3360;22/07/2028;Fornecedor Alfa;Alimentos;Devolução parcial
09/09/2026;542514;Item 1622;10;100;1000;17/06/2028;Fornecedor Delta;Alimentos;0
09/09/2026;519492;Item 1623;59;12;708;17/10/2030;Fornecedor Delta;Alimentos;0
21/09/2026;661936;Item 1624;27;12;324;09/02/2031;Fornecedor Beta;Alimentos;Devolução parcial
19/09/2026;776930;Item 1625;25;48;1200;08/09/2030;Fornecedor Gama;Psicotrópico;0
11/09/2026;540073;Item 1626;106;24;2544;02/06/2031;Fornecedor Delta;Antibiótico;0
09/09/2026;732928;Item 1627;32;12;384;13/09/2027;Fornecedor Gama;Perfumaria;Devolução parcial
11/09/2026;675006;Item 1628;53;12;636;04/08/2030;Fornecedor Ômega;Correlatos;Avaria
28/09/2026;915866;Item 1629;35;24;840;23/06/2031;Fornecedor Alfa;Correlatos;0
13/09/2026;202704;Item 1630;49;25;1225;04/08/2027;;Medicamento;Devolução parcial
19/09/2026;863706;Item 1631;113;30;3390;10/08/2031;Fornecedor Delta;Perfumaria;Devolução parcial
28/09/2026;465848;Item 1632;90;120;10800;31/07/2028;Fornecedor Gama;Correlatos;Devolução parcial
06/09/2026;203878;Item 1633;115;6;690;13/10/2028;Fornecedor Delta;Medicamento;Avaria
18/09/2026;945241;Item 1634;95;100;9500;02/05/2030;Fornecedor Delta;Antibiótico;Devolução parcial
22/09/2026;233769;Item 1635;34;6;204;17/11/2029;Fornecedor Alfa;Alimentos;0
24/09/2026;249600;Item 1636;49;120;5880;01/07/2028;Fornecedor Ômega;Alimentos;Devolução parcial
22/09/2026;488131;Item 1637;91;25;2275;31/05/2030;Fornecedor Delta;Alimentos;Avaria
26/09/2026;291999;Item 1638;57;48;2736;17/08/2029;Fornecedor Gama;Correlatos;Avaria
10/09/2026;548544;Item 1639;67;25;1675;25/07/2030;Fornecedor Ômega;Correlatos;Avaria
21/09/2026;908010;Item 1640;41;12;492;12/06/2027;Fornecedor Ômega;Alimentos;0
02/09/2026;198181;Item 1641;22;120;2640;23/06/2027;Fornecedor Beta;Psicotrópico;Avaria
14/09/2026;947613;Item 1642;112;6;672;18/10/2030;Fornecedor Gama;Alimentos;0
22/09/2026;602955;Item 1643;64;100;6400;18/10/2030;Fornecedor Gama;Alimentos;0
07/09/2026;525167;Item 1644;2;120;240;30/08/2031;Fornecedor Ômega;Alimentos;Avaria
08/09/2026;836720;Item 1645;69;48;3312;22/02/2031;Fornecedor Gama;Alimentos;Devolução parcial
06/09/2026;144413;Item 1646;   ;60;;13/10/2030;Fornecedor Gama;Medicamento;0
17/09/2026;178771;Item 1647;47;24;1128;24/12/2028;Fornecedor Ômega;Antibiótico;Avaria
04/09/2026;;Item 1648;22;48;1056;23/11/2028;Fornecedor Alfa;Psicotrópico;0
10/09/2026;404154;Item 1649;39;60;2340;26/06/2028;Fornecedor Alfa;Perfumaria;Devolução parcial
07/09/2026;761836;Item 1650;73;50;3650;16/09/2028;Fornecedor Gama;Perfumaria;Avaria
02/09/2026;747756;Item 1651;109;60;6540;29/12/2028;Fornecedor Ômega;Psicotrópico;Avaria
04/09/2026;444511;Item 1652;39;48;1872;11/01/2027;Fornecedor Beta;Alimentos;0
04/09/2026;521598;Item 1653;46;6;276;01/06/2029;Fornecedor Delta;Medicamento;0
14/09/2026;654797;Item 1654;66;24;1584;11/09/2027;Fornecedor Delta;Perfumaria;0
08/09/2026;906824;Item 1655;85;30;2550;21/08/2029;Fornecedor Delta;Correlatos;Avaria
18/09/2026;482201;Item 1656;55;24;1320;21/07/2031;Fornecedor Beta;Perfumaria;Avaria
06/09/2026;788159;Item 1657;108;60;6480;14/10/2027;Fornecedor Beta;Alimentos;Avaria
04/09/2026;106092;Item 1658;46;25;1150;24/01/2028;Fornecedor Beta;Perfumaria;0
29/09/2026;513711;Item 1659;54;48;2592;06/03/2027;Fornecedor Alfa;Alimentos;0
04/09/2026;602577;Item 1660;86;30;2580;12/05/2029;Fornecedor Delta;Psicotrópico;Avaria
11/09/2026;938672;Item 1661;88;24;2112;19/03/2031;Fornecedor Delta;Psicotrópico;Devolução parcial
05/09/2026;877931;Item 1662;108;50;5400;13/08/2027;Fornecedor Ômega;Perfumaria;0
01/09/2026;263097;Item 1663;45;100;4500;21/04/2031;Fornecedor Alfa;Perfumaria;Devolução parcial
20/09/2026;970145;Item 1664;44;50;2200;19/02/2031;Fornecedor Ômega;Antibiótico;Avaria
03/09/2026;403527;Item 1665;37;60;2220;08/04/2031;Fornecedor Delta;Medicamento;Devolução parcial
06/09/2026;259903;Item 1666;94;100;9400;25/05/2028;Fornecedor Beta;Perfumaria;Avaria
07/09/2026;835005;Item 1667;32;50;1600;28/08/2029;Fornecedor Ômega;Alimentos;Devolução parcial
07/09/2026;626735;Item 1668;79;24;1896;17/10/2031;Fornecedor Gama;Alimentos;Devolução parcial
05/09/2026;255950;Item 1669;30;12;360;01/04/2029;Fornecedor Ômega;Correlatos;0
20/09/2026;253311;Item 1670;55;6;330;13/02/2028;Fornecedor Ômega;Perfumaria;Avaria
23/09/2026;527082;Item 1671;68;30;2040;21/07/2030;Fornecedor Alfa;Medicamento;Avaria
17/09/2026;546772;Item 1672;62;6;372;24/05/2029;Fornecedor Ômega;Correlatos;0
12/09/2026;382324;Item 1673;47;30;1410;28/12/2030;Fornecedor Delta;Medicamento;Avaria
01/09/2026;149866;Item 1674;24;6;144;17/04/2027;Fornecedor Beta;Medicamento;Avaria
04/09/2026;594988;Item 1675;36;120;4320;01/06/2029;Fornecedor Alfa;Correlatos;Avaria
04/09/2026;481242;Item 1676;43;30;1290;18/07/2027;Fornecedor Ômega;Alimentos;Devolução parcial
11/09/2026;907889;Item 1677;111;24;2664;08/01/2029;Fornecedor Beta;Alimentos;Devolução parcial
08/09/2026;654552;Item 1678;78;48;3744;24/08/2030;Fornecedor Beta;Medicamento;Devolução parcial
05/09/2026;502704;Item 1679;12;12;144;13/07/2030;Fornecedor Gama;Perfumaria;0
07/09/2026;715054;Item 1680;117;25;2925;14/12/2030;Fornecedor Delta;Perfumaria;0
10/09/2026;673129;Item 1681;80;48;3840;25/01/2031;Fornecedor Delta;Medicamento;Devolução parcial
05/09/2026;855781;Item 1682;20;6;120;28/01/2028;Fornecedor Delta;Psicotrópico;Devolução parcial
12/09/2026;364792;Item 1683;115;100;11500;19/01/2029;Fornecedor Delta;Alimentos;Devolução parcial
03/09/2026;223133;Item 1684;117;50;5850;15/09/2029;Fornecedor Delta;Psicotrópico;Devolução parcial
20/09/2026;929303;Item 1685;3;24;72;15/07/2028;Fornecedor Alfa;Correlatos;0
;693677;Item 1686;8;25;200;27/07/2031;Fornecedor Delta;Antibiótico;Devolução parcial
03/09/2026;658335;Item 1687;112;100;11200;05/12/2027;Fornecedor Delta;Psicotrópico;Avaria
13/09/2026;689822;Item 1688;100;50;5000;28/05/2030;Fornecedor Beta;Medicamento;0
07/09/2026;103775;Item 1689;21;120;2520;27/04/2030;Fornecedor Ômega;Psicotrópico;
09/09/2026;628291;Item 1690;91;100;9100;13/09/2028;Fornecedor Alfa;Correlatos;Devolução parcial
06/09/2026;381558;Item 1691;71;12;852;03/04/2028;Fornecedor Ômega;Psicotrópico;0
29/09/2026;406019;Item 1692;6;24;144;22/07/2028;Fornecedor Alfa;Correlatos;0
18/09/2026;773618;Item 1693;32;25;800;26/08/2027;Fornecedor Ômega;Alimentos;Avaria
11/09/2026;763416;Item 1694;78;48;3744;20/06/2027;Fornecedor Gama;Correlatos;Devolução parcial
10/09/2026;240101;Item 1695;53;120;6360;26/10/2028;Fornecedor Ômega;Alimentos;0
24/09/2026;963955;Item 1696;46;25;1150;26/07/2028;Fornecedor Alfa;Correlatos;0
04/09/2026;663492;Item 1697;85;120;10200;19/01/2031;Fornecedor Delta;Alimentos;Avaria
18/09/2026;756649;Item 1698;82;120;9840;27/02/2028;Fornecedor Delta;Medicamento;Avaria
21/09/2026;381850;Item 1699;27;120;3240;13/07/2031;Fornecedor Delta;Medicamento;Avaria
12/09/2026;342979;Item 1700;94;50;4700;31/10/2027;Fornecedor Delta;Perfumaria;Avaria
27/09/2026;290330;Item 1701;59;24;1416;02/11/2031;Fornecedor Alfa;Medicamento;Devolução parcial
21/09/2026;614345;Item 1702;94;24;2256;31/07/2028;Fornecedor Ômega;Correlatos;0
22/09/2026;286367;Item 1703;105;50;5250;29/05/2030;Fornecedor Alfa;Perfumaria;0
15/09/2026;175548;Item 1704;55;25;1375;14/08/2030;Fornecedor Delta;Perfumaria;Devolução parcial
20/09/2026;652367;Item 1705;18;   ;;24/07/2027;Fornecedor Delta;Antibiótico;0
25/09/2026;215380;Item 1706;106;6;636;28/08/2031;Fornecedor Ômega;Medicamento;0
05/09/2026;907526;Item 1707;11;30;330;08/07/2030;Fornecedor Gama;Perfumaria;0
24/09/2026;930116;Item 1708;14;   ;;03/08/2031;Fornecedor Beta;Alimentos;0
25/09/2026;312149;Item 1709;18;60;1080;26/02/2030;Fornecedor Delta;Medicamento;Avaria
08/09/2026;447871;Item 1710;62;24;1488;25/04/2027;Fornecedor Gama;Alimentos;Avaria
01/09/2026;757966;Item 1711;70;12;840;17/08/2031;Fornecedor Ômega;Perfumaria;Devolução parcial
29/09/2026;411152;Item 1712;14;100;1400;10/09/2031;Fornecedor Delta;Medicamento;0
14/09/2026;335208;Item 1713;4;25;100;28/02/2029;;Correlatos;Devolução parcial
22/09/2026;400780;Item 1714;29;50;1450;16/12/2031;Fornecedor Ômega;Antibiótico;0
10/09/2026;215485;Item 1715;29;12;348;01/01/2029;Fornecedor Ômega;Psicotrópico;Avaria
29/09/2026;224099;Item 1716;47;12;564;30/03/2027;Fornecedor Gama;Medicamento;
20/09/2026;549449;Item 1717;68;48;3264;07/01/2028;Fornecedor Delta;Medicamento;Devolução parcial
27/09/2026;820540;Item 1718;39;120;4680;10/08/2028;Fornecedor Beta;Perfumaria;Avaria
30/09/2026;623502;Item 1719;85;48;4080;27/06/2028;Fornecedor Ômega;Perfumaria;0
11/09/2026;915565;Item 1720;84;24;2016;30/10/2027;Fornecedor Delta;Antibiótico;Devolução parcial
27/09/2026;935558;Item 1721;101;60;;18/05/2027;Fornecedor Ômega;Psicotrópico;Avaria
03/09/2026;862008;Item 1722;36;24;864;23/10/2028;Fornecedor Alfa;Medicamento;Avaria
14/09/2026;469737;Item 1723;41;60;2460;12/09/2029;Fornecedor Delta;Psicotrópico;Devolução parcial
13/09/2026;449663;Item 1724;18;25;450;07/05/2029;Fornecedor Gama;Antibiótico;Devolução parcial
18/09/2026;659699;Item 1725;   ;100;;10/08/2031;Fornecedor Alfa;Antibiótico;0
17/09/2026;709184;Item 1726;92;50;4600;29/03/2030;Fornecedor Alfa;Alimentos;0
07/09/2026;346617;Item 1727;47;6;282;09/10/2031;Fornecedor Ômega;Correlatos;Devolução parcial
02/09/2026;596947;Item 1728;18;12;216;16/12/2028;Fornecedor Beta;Medicamento;Avaria
30/09/2026;582752;Item 1729;19;100;1900;12/05/2029;Fornecedor Alfa;Medicamento;0
04/09/2026;158579;Item 1730;96;24;;25/11/2030;Fornecedor Alfa;Antibiótico;Devolução parcial
12/09/2026;127626;Item 1731;90;50;4500;21/04/2027;Fornecedor Ômega;Alimentos;Devolução parcial
28/09/2026;177353;Item 1732;62;   ;;20/11/2027;Fornecedor Ômega;Medicamento;Avaria
03/09/2026;248140;Item 1733;11;25;275;26/01/2027;Fornecedor Gama;Antibiótico;0
24/09/2026;902598;Item 1734;24;60;1440;14/10/2027;Fornecedor Gama;Alimentos;Avaria
15/09/2026;593024;Item 1735;53;48;2544;20/05/2031;Fornecedor Ômega;Correlatos;0
20/09/2026;263459;Item 1736;8;6;48;19/03/2031;Fornecedor Alfa;Psicotrópico;0
22/09/2026;111395;Item 1737;51;50;2550;29/11/2031;Fornecedor Delta;Psicotrópico;Devolução parcial
17/09/2026;969812;Item 1738;34;120;4080;18/09/2028;Fornecedor Alfa;Antibiótico;0
13/09/2026;385031;Item 1739;12;100;1200;14/09/2027;Fornecedor Alfa;Antibiótico;Devolução parcial
06/09/2026;158716;Item 1740;29;50;1450;12/08/2031;Fornecedor Gama;Psicotrópico;0
16/09/2026;956223;Item 1741;89;60;5340;03/10/2028;Fornecedor Delta;Antibiótico;0
21/09/2026;157327;Item 1742;103;48;4944;18/05/2029;Fornecedor Alfa;Correlatos;0
20/09/2026;209471;Item 1743;10;48;480;14/05/2031;Fornecedor Beta;Perfumaria;0
04/09/2026;395915;Item 1744;21;100;2100;14/05/2027;Fornecedor Alfa;Psicotrópico;0
07/09/2026;893270;Item 1745;117;30;3510;03/02/2030;Fornecedor Alfa;Alimentos;0
19/09/2026;352009;Item 1746;35;12;420;02/03/2030;Fornecedor Ômega;Psicotrópico;Avaria
03/09/2026;147899;Item 1747;7;48;336;24/09/2028;Fornecedor Ômega;Correlatos;Avaria
11/09/2026;517476;Item 1748;65;25;1625;20/03/2031;Fornecedor Delta;Alimentos;Avaria
11/09/2026;235808;Item 1749;90;12;1080;14/04/2029;Fornecedor Gama;Perfumaria;Devolução parcial
01/09/2026;946719;Item 1750;100;24;2400;17/04/2030;Fornecedor Delta;Antibiótico;Devolução parcial
06/09/2026;993415;Item 1751;5;30;150;07/11/2027;Fornecedor Delta;Perfumaria;Devolução parcial
29/09/2026;197822;Item 1752;92;25;2300;17/03/2028;Fornecedor Alfa;Alimentos;
21/09/2026;625986;Item 1753;67;120;8040;07/12/2029;Fornecedor Beta;   ;0
20/09/2026;455488;Item 1754;38;48;1824;19/10/2031;Fornecedor Delta;Perfumaria;Devolução parcial
08/09/2026;911781;Item 1755;88;50;;03/03/2028;;Psicotrópico;0
04/09/2026;259804;Item 1756;73;60;4380;07/07/2031;Fornecedor Ômega;Medicamento;Avaria
16/09/2026;673713;Item 1757;112;12;1344;12/07/2027;Fornecedor Delta;Correlatos;0
09/09/2026;409967;Item 1758;21;12;252;26/03/2030;Fornecedor Beta;Correlatos;0
09/09/2026;174589;Item 1759;23;60;1380;27/08/2029;Fornecedor Beta;Antibiótico;Devolução parcial
16/09/2026;247269;Item 1760;16;120;1920;23/03/2027;Fornecedor Beta;Correlatos;Avaria
30/09/2026;528902;Item 1761;110;120;13200;25/10/2030;Fornecedor Alfa;Antibiótico;Avaria
11/09/2026;637373;Item 1762;109;120;;04/02/2029;Fornecedor Ômega;Alimentos;Avaria
29/09/2026;630519;Item 1763;58;30;1740;29/11/2031;Fornecedor Ômega;Psicotrópico;
23/09/2026;159830;Item 1764;95;25;2375;09/08/2031;Fornecedor Gama;Perfumaria;0
13/09/2026;994498;Item 1765;14;30;420;21/11/2027;Fornecedor Gama;Antibiótico;0
22/09/2026;333886;Item 1766;50;60;3000;11/07/2027;Fornecedor Beta;Antibiótico;Avaria
04/09/2026;773693;Item 1767;69;60;4140;25/06/2027;Fornecedor Alfa;Alimentos;0
07/09/2026;516226;Item 1768;99;50;4950;02/04/2029;Fornecedor Beta;Perfumaria;Avaria
07/09/2026;459057;Item 1769;78;60;4680;09/12/2030;Fornecedor Delta;Perfumaria;Avaria
05/09/2026;576660;Item 1770;5;100;500;20/08/2029;Fornecedor Alfa;Alimentos;0
20/09/2026;435740;Item 1771;73;6;438;05/05/2031;Fornecedor Delta;Perfumaria;Avaria
07/09/2026;927912;Item 1772;56;60;3360;21/04/2027;Fornecedor Alfa;Perfumaria;Devolução parcial
;543464;Item 1773;35;   ;;27/12/2027;Fornecedor Ômega;Medicamento;0
10/09/2026;387210;Item 1774;52;12;624;25/11/2031;Fornecedor Delta;Antibiótico;Devolução parcial
06/09/2026;324505;Item 1775;86;30;2580;28/08/2031;;Perfumaria;Avaria
06/09/2026;458633;Item 1776;97;30;2910;11/02/2028;Fornecedor Beta;Antibiótico;Avaria
23/09/2026;598597;Item 1777;69;24;1656;13/06/2029;Fornecedor Beta;Alimentos;Devolução parcial
18/09/2026;508040;Item 1778;106;6;636;23/05/2031;Fornecedor Gama;Medicamento;0
20/09/2026;857830;Item 1779;86;120;10320;24/10/2027;Fornecedor Beta;Alimentos;Devolução parcial
01/09/2026;878920;Item 1780;106;48;5088;05/11/2027;Fornecedor Delta;Medicamento;Avaria
09/09/2026;431777;Item 1781;15;50;750;02/12/2029;Fornecedor Ômega;Antibiótico;0
04/09/2026;765104;Item 1782;58;120;6960;16/03/2027;Fornecedor Alfa;Alimentos;0
25/09/2026;540586;Item 1783;90;100;9000;07/12/2027;Fornecedor Gama;Antibiótico;0
22/09/2026;464994;Item 1784;27;25;675;27/03/2030;Fornecedor Ômega;Correlatos;Avaria
17/09/2026;116977;Item 1785;39;30;1170;05/08/2031;Fornecedor Ômega;Alimentos;Avaria
14/09/2026;780433;Item 1786;59;   ;;21/12/2028;Fornecedor Beta;Psicotrópico;Avaria
04/09/2026;648583;Item 1787;98;48;4704;27/12/2027;Fornecedor Delta;Antibiótico;Avaria
;285488;Item 1788;71;120;8520;16/01/2030;Fornecedor Delta;Antibiótico;Avaria
21/09/2026;986142;Item 1789;85;50;4250;03/08/2028;Fornecedor Gama;Perfumaria;
03/09/2026;945089;Item 1790;108;12;1296;23/08/2030;Fornecedor Ômega;Psicotrópico;Avaria
30/09/2026;208711;Item 1791;64;120;7680;20/01/2030;Fornecedor Ômega;Alimentos;Avaria
22/09/2026;627812;Item 1792;75;6;;16/08/2028;Fornecedor Delta;Medicamento;0
13/09/2026;914617;Item 1793;59;100;5900;23/08/2027;Fornecedor Alfa;Antibiótico;0
14/09/2026;;Item 1794;102;60;6120;08/08/2031;Fornecedor Delta;Perfumaria;Avaria
10/09/2026;920192;Item 1795;29;100;2900;02/07/2028;Fornecedor Beta;Correlatos;Avaria
29/09/2026;806007;Item 1796;31;6;186;29/04/2029;Fornecedor Ômega;Perfumaria;0
27/09/2026;260825;Item 1797;102;48;4896;31/07/2031;Fornecedor Gama;Alimentos;Devolução parcial
;432892;Item 1798;43;24;1032;30/05/2029;Fornecedor Alfa;Psicotrópico;Avaria
27/09/2026;302019;Item 1799;79;50;3950;16/04/2027;Fornecedor Gama;Antibiótico;0
13/09/2026;767181;Item 1800;50;24;1200;13/10/2028;;Medicamento;Avaria
17/09/2026;342189;Item 1801;13;24;312;31/08/2027;Fornecedor Gama;   ;Devolução parcial
06/09/2026;372871;Item 1802;108;100;10800;22/10/2028;Fornecedor Alfa;Perfumaria;0
21/09/2026;126885;Item 1803;   ;6;;27/04/2031;Fornecedor Gama;Medicamento;0
30/09/2026;748124;Item 1804;91;100;9100;11/06/2027;Fornecedor Gama;Antibiótico;0
15/09/2026;878399;Item 1805;94;24;2256;23/07/2030;Fornecedor Beta;Medicamento;0
10/09/2026;784219;Item 1806;115;25;2875;01/02/2028;Fornecedor Gama;Medicamento;Devolução parcial
25/09/2026;917919;Item 1807;104;50;5200;17/06/2028;Fornecedor Ômega;Correlatos;0
21/09/2026;250753;Item 1808;81;6;486;01/04/2030;Fornecedor Ômega;Perfumaria;Avaria
05/09/2026;724840;Item 1809;16;12;192;01/08/2028;Fornecedor Beta;Medicamento;0
30/09/2026;181140;Item 1810;   ;48;;13/09/2031;Fornecedor Alfa;Antibiótico;0
14/09/2026;614889;Item 1811;102;6;612;31/05/2027;Fornecedor Delta;Alimentos;
13/09/2026;320511;Item 1812;88;50;4400;28/12/2031;Fornecedor Beta;Alimentos;Avaria
10/09/2026;947825;Item 1813;21;24;504;21/01/2027;Fornecedor Alfa;Alimentos;Devolução parcial
04/09/2026;761875;Item 1814;78;6;468;03/12/2028;Fornecedor Beta;Antibiótico;Devolução parcial
06/09/2026;729138;Item 1815;70;6;420;04/12/2029;Fornecedor Beta;Perfumaria;0
01/09/2026;735553;Item 1816;4;100;400;26/11/2029;Fornecedor Gama;Medicamento;0
01/09/2026;482615;Item 1817;15;25;375;01/11/2028;Fornecedor Alfa;Medicamento;0
09/09/2026;863094;Item 1818;89;24;2136;14/07/2028;;Medicamento;0
21/09/2026;465484;Item 1819;91;100;9100;25/08/2028;Fornecedor Delta;Alimentos;Avaria
30/09/2026;557244;Item 1820;66;50;3300;31/01/2028;Fornecedor Beta;Medicamento;0
13/09/2026;820431;Item 1821;109;30;3270;30/07/2027;Fornecedor Gama;Psicotrópico;Avaria
24/09/2026;273699;Item 1822;102;25;2550;26/09/2029;Fornecedor Delta;Antibiótico;Avaria
27/09/2026;725297;Item 1823;96;30;2880;14/10/2028;Fornecedor Gama;Perfumaria;Devolução parcial
19/09/2026;501652;Item 1824;55;25;1375;23/12/2028;Fornecedor Beta;Alimentos;0
17/09/2026;571233;Item 1825;22;6;132;02/06/2028;Fornecedor Gama;Antibiótico;Avaria
12/09/2026;733216;Item 1826;106;100;10600;26/03/2029;Fornecedor Ômega;Perfumaria;0
26/09/2026;948340;Item 1827;42;50;2100;16/01/2028;Fornecedor Beta;Medicamento;0
12/09/2026;325636;Item 1828;   ;48;;25/10/2027;Fornecedor Beta;Perfumaria;0
23/09/2026;434064;Item 1829;89;6;534;04/11/2028;Fornecedor Alfa;Antibiótico;Devolução parcial
18/09/2026;933868;Item 1830;42;25;1050;16/05/2027;Fornecedor Delta;Correlatos;Devolução parcial
04/09/2026;322481;Item 1831;68;25;1700;22/02/2030;Fornecedor Beta;Alimentos;Devolução parcial
19/09/2026;946648;Item 1832;111;12;1332;16/08/2030;Fornecedor Delta;Alimentos;Avaria
07/09/2026;433219;Item 1833;105;48;5040;08/02/2028;Fornecedor Ômega;Antibiótico;Avaria
04/09/2026;149064;Item 1834;36;50;1800;12/09/2027;Fornecedor Delta;Medicamento;Devolução parcial
08/09/2026;442753;Item 1835;76;50;3800;26/03/2030;Fornecedor Ômega;Correlatos;0
01/09/2026;774933;Item 1836;101;120;12120;03/08/2029;Fornecedor Beta;Medicamento;Avaria
30/09/2026;138805;Item 1837;115;100;11500;16/12/2029;Fornecedor Ômega;Correlatos;Devolução parcial
04/09/2026;117062;Item 1838;9;60;;27/08/2031;Fornecedor Delta;Alimentos;Avaria
13/09/2026;388016;Item 1839;41;48;1968;13/06/2027;Fornecedor Gama;Correlatos;Avaria
10/09/2026;742064;Item 1840;7;50;350;27/11/2030;Fornecedor Delta;Antibiótico;Devolução parcial
20/09/2026;227310;Item 1841;108;48;;30/07/2027;Fornecedor Ômega;Medicamento;0
04/09/2026;965553;Item 1842;2;24;48;23/10/2028;Fornecedor Delta;Medicamento;0
27/09/2026;192292;Item 1843;25;48;1200;05/01/2030;Fornecedor Ômega;Alimentos;0
04/09/2026;372302;Item 1844;114;6;684;09/04/2027;Fornecedor Beta;Perfumaria;Avaria
26/09/2026;445326;Item 1845;89;120;10680;22/07/2031;Fornecedor Delta;Correlatos;Devolução parcial
19/09/2026;278612;Item 1846;119;24;2856;01/08/2029;Fornecedor Ômega;Medicamento;Avaria
29/09/2026;255190;Item 1847;97;120;11640;08/10/2031;Fornecedor Delta;Alimentos;Avaria
17/09/2026;800695;Item 1848;16;100;1600;07/05/2028;Fornecedor Gama;Antibiótico;Devolução parcial
25/09/2026;613911;Item 1849;36;48;1728;05/02/2031;Fornecedor Delta;Medicamento;0
23/09/2026;376626;Item 1850;99;30;2970;19/06/2027;Fornecedor Beta;Psicotrópico;0
23/09/2026;791515;Item 1851;83;25;2075;09/06/2027;Fornecedor Ômega;Antibiótico;0
15/09/2026;322796;Item 1852;2;25;50;04/08/2031;Fornecedor Delta;Medicamento;Avaria
27/09/2026;209612;Item 1853;44;25;1100;24/04/2030;Fornecedor Gama;Psicotrópico;Avaria
21/09/2026;897429;Item 1854;40;60;2400;12/11/2027;Fornecedor Gama;Perfumaria;0
13/09/2026;329412;Item 1855;118;48;5664;15/07/2029;Fornecedor Gama;Psicotrópico;0
03/09/2026;917911;Item 1856;52;25;1300;23/07/2028;Fornecedor Delta;Medicamento;Devolução parcial
21/09/2026;422066;Item 1857;112;120;13440;29/07/2027;Fornecedor Alfa;Antibiótico;0
01/09/2026;881216;Item 1858;15;25;375;01/08/2029;Fornecedor Alfa;Correlatos;0
15/09/2026;599374;Item 1859;85;100;8500;21/12/2028;Fornecedor Beta;Perfumaria;Devolução parcial
07/09/2026;188150;Item 1860;46;50;2300;05/11/2027;Fornecedor Delta;Psicotrópico;Avaria
15/09/2026;632599;Item 1861;43;6;258;12/07/2028;Fornecedor Beta;Perfumaria;0
07/09/2026;780129;Item 1862;49;50;2450;25/08/2028;Fornecedor Alfa;Antibiótico;0
20/09/2026;722905;Item 1863;36;100;3600;07/10/2029;Fornecedor Gama;Antibiótico;0
04/09/2026;814248;Item 1864;7;25;175;25/03/2028;Fornecedor Ômega;Perfumaria;0
03/09/2026;703172;Item 1865;   ;25;;25/12/2029;;Correlatos;0
13/09/2026;750348;Item 1866;90;50;4500;15/03/2029;Fornecedor Ômega;Medicamento;
16/09/2026;964098;Item 1867;   ;30;;26/02/2028;Fornecedor Alfa;Medicamento;Avaria
10/09/2026;767837;Item 1868;37;120;4440;11/02/2031;Fornecedor Ômega;Perfumaria;
16/09/2026;627685;Item 1869;117;120;14040;22/02/2031;Fornecedor Beta;Alimentos;0
06/09/2026;278501;Item 1870;41;12;492;19/01/2028;Fornecedor Beta;   ;0
14/09/2026;113353;Item 1871;86;60;5160;15/11/2028;Fornecedor Ômega;Medicamento;Avaria
20/09/2026;180716;Item 1872;22;6;132;22/12/2028;Fornecedor Delta;Psicotrópico;0
16/09/2026;612027;Item 1873;112;25;2800;13/08/2027;Fornecedor Ômega;Perfumaria;Devolução parcial
17/09/2026;813080;Item 1874;38;25;950;27/10/2029;Fornecedor Alfa;Medicamento;0
15/09/2026;204849;Item 1875;39;48;1872;01/10/2029;Fornecedor Beta;Psicotrópico;Avaria
12/09/2026;795634;Item 1876;63;30;1890;28/07/2029;Fornecedor Ômega;Correlatos;Avaria
25/09/2026;844653;Item 1877;43;100;4300;21/09/2030;Fornecedor Gama;Antibiótico;
24/09/2026;383049;Item 1878;88;100;8800;03/08/2030;Fornecedor Ômega;Medicamento;Avaria
12/09/2026;997859;Item 1879;29;24;696;16/10/2029;Fornecedor Ômega;Medicamento;Devolução parcial
12/09/2026;877007;Item 1880;90;50;4500;27/02/2028;Fornecedor Ômega;Medicamento;Avaria
29/09/2026;769760;Item 1881;14;30;420;07/07/2030;Fornecedor Gama;Antibiótico;Devolução parcial
29/09/2026;283450;Item 1882;34;   ;;09/11/2028;Fornecedor Delta;Psicotrópico;Avaria
02/09/2026;389666;Item 1883;40;25;1000;01/04/2030;Fornecedor Gama;Alimentos;Avaria
14/09/2026;974692;Item 1884;79;12;948;17/06/2031;Fornecedor Delta;Psicotrópico;Avaria
16/09/2026;402418;Item 1885;15;6;90;04/11/2030;Fornecedor Alfa;Antibiótico;Devolução parcial
20/09/2026;257525;Item 1886;67;30;2010;17/02/2030;Fornecedor Alfa;Correlatos;Avaria
01/09/2026;402262;Item 1887;9;30;270;18/07/2029;Fornecedor Ômega;Medicamento;Avaria
02/09/2026;965568;Item 1888;76;12;912;27/09/2029;Fornecedor Beta;Perfumaria;Avaria
02/09/2026;469366;Item 1889;85;6;510;29/05/2028;Fornecedor Alfa;Correlatos;Avaria
22/09/2026;923408;Item 1890;110;   ;;24/04/2031;Fornecedor Gama;Medicamento;0
24/09/2026;847841;Item 1891;35;24;840;07/02/2028;Fornecedor Delta;Psicotrópico;0
16/09/2026;404928;Item 1892;29;6;174;27/12/2028;Fornecedor Alfa;Alimentos;Devolução parcial
29/09/2026;505002;Item 1893;55;50;2750;20/07/2027;Fornecedor Beta;Correlatos;Devolução parcial
14/09/2026;425830;Item 1894;23;120;;22/10/2030;Fornecedor Beta;Psicotrópico;0
09/09/2026;816514;Item 1895;99;25;2475;05/10/2027;Fornecedor Delta;Psicotrópico;0
10/09/2026;415686;Item 1896;40;12;480;06/03/2030;Fornecedor Delta;Psicotrópico;0
04/09/2026;494228;Item 1897;101;50;5050;11/10/2027;Fornecedor Gama;Antibiótico;Devolução parcial
15/09/2026;428477;Item 1898;65;48;3120;26/12/2028;Fornecedor Delta;Antibiótico;Avaria
30/09/2026;530187;Item 1899;60;6;360;18/02/2030;Fornecedor Ômega;Antibiótico;0
30/09/2026;892572;Item 1900;18;120;2160;11/09/2028;Fornecedor Alfa;Psicotrópico;Devolução parcial
18/09/2026;491235;Item 1901;17;120;2040;04/03/2030;Fornecedor Beta;Perfumaria;Avaria
15/09/2026;232053;Item 1902;52;6;312;12/07/2031;Fornecedor Gama;Antibiótico;0
27/09/2026;188771;Item 1903;8;30;240;23/08/2030;Fornecedor Ômega;Correlatos;Devolução parcial
19/09/2026;202130;Item 1904;106;30;3180;13/09/2029;Fornecedor Beta;Perfumaria;0
24/09/2026;876442;Item 1905;75;100;7500;08/01/2031;Fornecedor Ômega;Alimentos;0
24/09/2026;641342;Item 1906;19;100;1900;11/10/2029;Fornecedor Alfa;Medicamento;Devolução parcial
10/09/2026;770740;Item 1907;   ;24;;10/07/2030;Fornecedor Beta;Alimentos;0
23/09/2026;944750;Item 1908;63;120;7560;16/02/2028;Fornecedor Ômega;Perfumaria;0
17/09/2026;260455;Item 1909;78;12;936;18/07/2027;Fornecedor Alfa;Medicamento;0
15/09/2026;596754;Item 1910;4;100;400;11/03/2029;Fornecedor Ômega;Perfumaria;Avaria
27/09/2026;524209;Item 1911;62;24;1488;26/04/2028;Fornecedor Gama;Correlatos;Devolução parcial
04/09/2026;814416;Item 1912;57;120;6840;04/06/2029;Fornecedor Alfa;Alimentos;
06/09/2026;293785;Item 1913;19;25;475;13/11/2029;Fornecedor Gama;Medicamento;Avaria
22/09/2026;603805;Item 1914;38;30;1140;24/07/2027;Fornecedor Gama;Antibiótico;Avaria
13/09/2026;800133;Item 1915;36;50;;;Fornecedor Ômega;Antibiótico;Avaria
01/09/2026;953009;Item 1916;55;24;1320;03/08/2028;Fornecedor Delta;Perfumaria;Devolução parcial
10/09/2026;508346;Item 1917;2;120;240;11/03/2027;Fornecedor Gama;Antibiótico;0
29/09/2026;471958;Item 1918;18;60;1080;20/01/2031;Fornecedor Delta;Correlatos;0
28/09/2026;266004;Item 1919;46;100;4600;30/10/2031;Fornecedor Gama;Medicamento;Avaria
17/09/2026;840530;Item 1920;68;50;3400;09/05/2027;Fornecedor Alfa;Alimentos;0
11/09/2026;468959;Item 1921;84;120;10080;30/07/2029;Fornecedor Alfa;Correlatos;Devolução parcial
03/09/2026;417645;Item 1922;119;50;5950;15/09/2031;Fornecedor Delta;Antibiótico;Avaria
19/09/2026;735271;Item 1923;85;24;2040;22/12/2030;Fornecedor Gama;Alimentos;Devolução parcial
19/09/2026;371818;Item 1924;17;48;816;04/04/2030;Fornecedor Beta;Psicotrópico;Devolução parcial
02/09/2026;970198;Item 1925;52;12;624;02/03/2027;Fornecedor Alfa;Medicamento;
30/09/2026;797576;Item 1926;14;60;840;23/10/2030;Fornecedor Delta;Correlatos;0
04/09/2026;909231;Item 1927;104;25;2600;09/12/2031;Fornecedor Alfa;Alimentos;Avaria
02/09/2026;892528;Item 1928;   ;12;;07/06/2030;Fornecedor Beta;Perfumaria;0
15/09/2026;987936;Item 1929;96;12;1152;13/04/2031;Fornecedor Beta;Psicotrópico;Devolução parcial
11/09/2026;981516;Item 1930;4;24;96;09/08/2027;Fornecedor Delta;Antibiótico;0
;768357;Item 1931;74;100;7400;05/02/2028;Fornecedor Beta;Antibiótico;Avaria
07/09/2026;811824;Item 1932;37;   ;;28/02/2031;;Antibiótico;Devolução parcial
;947954;Item 1933;102;25;2550;07/04/2030;Fornecedor Ômega;Alimentos;
26/09/2026;200879;Item 1934;27;6;162;15/10/2027;Fornecedor Ômega;Correlatos;Avaria
11/09/2026;695900;Item 1935;70;12;840;15/01/2028;Fornecedor Gama;Antibiótico;0
27/09/2026;972837;Item 1936;27;120;3240;28/08/2029;Fornecedor Gama;Correlatos;Avaria
28/09/2026;748522;Item 1937;116;100;;10/10/2027;Fornecedor Ômega;Antibiótico;Avaria
19/09/2026;755853;Item 1938;49;12;588;10/06/2027;Fornecedor Alfa;Psicotrópico;Avaria
08/09/2026;205814;Item 1939;16;60;960;16/04/2027;Fornecedor Gama;Psicotrópico;Avaria
30/09/2026;123637;Item 1940;29;30;870;24/08/2031;Fornecedor Beta;Antibiótico;Devolução parcial
10/09/2026;475290;Item 1941;9;24;216;03/06/2027;Fornecedor Gama;Psicotrópico;0
;994640;Item 1942;67;120;8040;01/10/2028;Fornecedor Delta;Psicotrópico;0
19/09/2026;672461;Item 1943;90;12;1080;22/08/2029;Fornecedor Beta;Alimentos;0
09/09/2026;133842;Item 1944;44;50;2200;15/02/2028;Fornecedor Beta;Perfumaria;0
30/09/2026;314154;Item 1945;71;48;;01/04/2031;Fornecedor Ômega;Medicamento;Avaria
29/09/2026;176453;Item 1946;104;120;12480;03/06/2030;Fornecedor Ômega;Correlatos;0
30/09/2026;536459;Item 1947;77;120;9240;15/06/2027;Fornecedor Gama;Antibiótico;0
04/09/2026;383648;Item 1948;93;6;558;14/03/2027;Fornecedor Delta;Psicotrópico;0
16/09/2026;781927;Item 1949;45;50;2250;13/09/2028;Fornecedor Alfa;Perfumaria;0
18/09/2026;127633;Item 1950;100;25;2500;30/05/2030;Fornecedor Delta;Alimentos;Devolução parcial
16/09/2026;873768;Item 1951;3;100;300;17/04/2027;Fornecedor Delta;Antibiótico;Devolução parcial
18/09/2026;231320;Item 1952;56;50;2800;10/10/2027;Fornecedor Ômega;Antibiótico;0
12/09/2026;745559;Item 1953;116;48;5568;01/02/2028;Fornecedor Beta;Antibiótico;0
19/09/2026;349739;Item 1954;30;12;360;21/01/2027;Fornecedor Alfa;Antibiótico;Devolução parcial
19/09/2026;889125;Item 1955;114;100;11400;04/04/2027;Fornecedor Ômega;Alimentos;0
02/09/2026;952095;Item 1956;8;12;96;17/09/2027;Fornecedor Delta;Medicamento;Avaria
20/09/2026;145843;Item 1957;41;48;1968;03/09/2030;Fornecedor Alfa;Correlatos;0
22/09/2026;735566;Item 1958;51;60;3060;08/09/2027;Fornecedor Ômega;Perfumaria;Avaria
23/09/2026;670054;Item 1959;27;60;1620;14/02/2031;Fornecedor Beta;Medicamento;Avaria
25/09/2026;847775;Item 1960;39;48;1872;03/02/2030;Fornecedor Beta;Alimentos;0
11/09/2026;652436;Item 1961;115;   ;;30/11/2030;Fornecedor Gama;Psicotrópico;0
23/09/2026;156620;Item 1962;45;50;2250;27/06/2030;Fornecedor Delta;Correlatos;0
27/09/2026;313442;Item 1963;117;24;2808;02/12/2029;Fornecedor Alfa;Correlatos;Devolução parcial
12/09/2026;679826;Item 1964;27;12;324;24/01/2031;Fornecedor Alfa;Perfumaria;0
04/09/2026;832264;Item 1965;57;60;3420;13/02/2027;Fornecedor Delta;Perfumaria;Avaria
10/09/2026;391469;Item 1966;76;50;3800;22/08/2031;Fornecedor Ômega;Perfumaria;Avaria
16/09/2026;996086;Item 1967;79;50;3950;08/02/2027;Fornecedor Delta;Antibiótico;Avaria
13/09/2026;146573;Item 1968;29;   ;;;Fornecedor Delta;Psicotrópico;0
18/09/2026;792482;Item 1969;40;6;240;12/04/2031;Fornecedor Beta;Perfumaria;Devolução parcial
30/09/2026;891127;Item 1970;115;48;5520;24/08/2031;Fornecedor Beta;Psicotrópico;0
24/09/2026;894036;Item 1971;4;48;192;26/08/2031;Fornecedor Gama;Antibiótico;
26/09/2026;920628;Item 1972;94;6;564;12/08/2027;Fornecedor Gama;Antibiótico;Devolução parcial
15/09/2026;810902;Item 1973;37;100;3700;18/05/2029;Fornecedor Gama;Alimentos;
06/09/2026;906367;Item 1974;67;30;2010;19/02/2029;Fornecedor Delta;Alimentos;0
09/09/2026;238278;Item 1975;117;6;702;26/06/2031;Fornecedor Beta;Perfumaria;0
11/09/2026;908807;Item 1976;70;30;2100;15/03/2030;Fornecedor Delta;   ;Devolução parcial
22/09/2026;387592;Item 1977;47;30;1410;28/05/2028;Fornecedor Gama;Perfumaria;0
27/09/2026;421802;Item 1978;73;48;3504;25/06/2028;Fornecedor Alfa;Antibiótico;Avaria
15/09/2026;118105;Item 1979;57;6;342;17/03/2027;Fornecedor Beta;Antibiótico;Devolução parcial
14/09/2026;985339;Item 1980;72;25;1800;30/04/2027;Fornecedor Gama;Perfumaria;Avaria
03/09/2026;739975;Item 1981;71;48;3408;21/06/2029;Fornecedor Alfa;Correlatos;Avaria
05/09/2026;372148;Item 1982;112;60;6720;10/04/2028;Fornecedor Alfa;Medicamento;Devolução parcial
04/09/2026;787842;Item 1983;7;25;175;;Fornecedor Ômega;   ;Devolução parcial
19/09/2026;631333;Item 1984;111;60;;11/10/2028;Fornecedor Ômega;Psicotrópico;Devolução parcial
09/09/2026;339025;Item 1985;8;30;240;03/02/2027;Fornecedor Beta;Psicotrópico;Devolução parcial
12/09/2026;146906;Item 1986;77;25;;12/08/2027;Fornecedor Ômega;Psicotrópico;Avaria
08/09/2026;218680;Item 1987;66;12;792;22/02/2028;Fornecedor Beta;Psicotrópico;Avaria
03/09/2026;969414;Item 1988;106;50;5300;07/08/2030;Fornecedor Delta;Correlatos;0
26/09/2026;125894;Item 1989;42;120;5040;07/01/2029;Fornecedor Beta;Antibiótico;Devolução parcial
20/09/2026;492917;Item 1990;61;30;1830;05/03/2027;Fornecedor Alfa;Correlatos;0
30/09/2026;405002;Item 1991;120;24;2880;25/04/2030;Fornecedor Ômega;Perfumaria;Devolução parcial
17/09/2026;321752;Item 1992;104;48;4992;05/01/2031;Fornecedor Gama;Psicotrópico;Devolução parcial
27/09/2026;460765;Item 1993;28;50;1400;08/04/2030;Fornecedor Ômega;Alimentos;Devolução parcial
03/09/2026;257364;Item 1994;49;12;;04/04/2028;Fornecedor Gama;Psicotrópico;Devolução parcial
18/09/2026;760943;Item 1995;71;50;3550;10/02/2031;Fornecedor Ômega;Psicotrópico;0
17/09/2026;736592;Item 1996;61;100;6100;22/06/2029;Fornecedor Beta;Correlatos;0
30/09/2026;976618;Item 1997;74;30;2220;14/05/2028;Fornecedor Beta;Medicamento;Avaria
24/09/2026;342106;Item 1998;59;48;2832;25/08/2027;Fornecedor Alfa;Antibiótico;Devolução parcial
12/09/2026;529838;Item 1999;47;12;564;21/02/2030;Fornecedor Gama;Perfumaria;Avaria
08/09/2026;785066;Item 2000;62;120;;08/07/2029;Fornecedor Delta;Medicamento;Devolução parcial
